rowname	InD1	InD2a	InD2b	InD3a	InD3b	InD4a	InD4b	InD5	InD6	InD7	InD8	InD9a	InD9b	InD9c	InD10	InD11	InD12	InD13	InD14	InD15	InD16a	InD16b	InD18	InD19	InD20	InD21	InD23	InD24	InD26	InD27	InD28	InD28m	InD29	InD30	InD31	InD32	InD33
[Del(C):R1]A	0.00360352092384077	0.00166530802427415	0.00435634038965976	0.0191180514478326	0.0392307967256478	0.00803612912850247	0.0198789337601498	0.0052416260435449	0.00517194225641557	0.00149687915846795	0.00584260008051604	0.160880158835092	0.0323895888418078	0.0550947081838137	0.0297492657986495	0.000494076079669249	0.012314068857319	0.0190402882081956	0.00581338267085419	0.00096667886149256	0.000700351912599587	0.000336760722025919	8.18951240186745E-05	0.00551366616764524	0.00216229539569355	0.000801931547035677	0.00194443479345315	0.00105768583829226	0.00356874480348393	0.00235107702765826	0.000909216440952818	1.92752201573384E-22	0.0316808362355088	0.00249937626957766	0.0117105403600371	0.00696594427239453	7.99869216754904E-106
[Del(C):R1]T	0.00247143956906771	0.00463961712854502	0.0254882451883063	0.00638703311070243	0.025811754706262	0.00512092101534365	0.0214601650266606	0.00925677836438182	0.0215454122654078	0.00116023584305103	0.00480450956285164	0.176707465269398	0.072283237731091	0.0940431603571313	0.00516566843068357	0.0012965909480878	0.0131983134775887	0.0291248506057378	0.00659229282970283	0.00331837026748317	0.000982131123386233	2.15930692977103E-34	1.28252402402861E-05	0.00704028370982274	0.0105757655697322	0.00175504236401446	0.00128882262825618	0.00464972813271219	0.00422154476936484	0.00282153613235893	0.00177050605584285	4.69977288660636E-48	0.0311413701924837	0.0052375607931155	0.0181636933274694	0.0185758513930625	0.087181986398613
[Del(C):R2]A	0.00313221970672077	0.000979463749067052	0.00420996552018981	0.124373046213379	0.0976494635911867	0.00573747754009263	0.00510151834030205	0.0297626340367482	0.00679717870069856	0.000536145997817181	0.0168140685738128	0.0227268176579924	0.0330688917992387	0.0183626701542849	0.0160710635800785	0.00898895646151189	0.00190270567347893	0.0112570607133194	0.00684468393295273	0.00523797329176184	0.000626607928862431	0.00269913843169267	0.00115919942578717	0.000526661457884133	0.0136084447207055	0.000856758461071237	0.00603336498550023	0.00663381394296034	0.00780698312910486	0.00831941240608664	0.0108250865657691	0.00479341685810294	0.0156277880990143	0.00236194131330277	0.0137553344552792	0.0123839009287338	0.00487985307598626
[Del(C):R2]T	0.000239053972329906	0.00359823203539672	0.0102036630266956	0.0615723761963968	0.0569023041617878	0.00261727998015836	0.0200862797443276	0.0306975964416022	0.011440325330068	0.000294006464469305	0.0196866076064045	0.0344614823298341	0.0448094808596604	0.0408626264950345	0.0118773052038513	0.00832001606682872	0.00506158785010595	0.0200870388961138	0.00616401529639548	0.00137944581069381	0.00014629920659569	0.000815255389943319	0.00144349376841235	0.000237997531716258	0.00255947443558526	0.00171729357640063	0.00158552298985964	0.00635082773028411	0.00467376150751155	0.00469783047785809	0.00796634850950196	0.00311028347893868	0.0310881621445112	0.00418018247128491	0.0161819045080818	0.0147058823528453	0.0283514470518277
[Del(C):R3]A	0.000402753617983623	0.000254527833400873	0.00290449456621262	0.102255565015974	0.0786354646997992	0.00181691130021142	0.00369527346362074	0.00535838220255732	0.00458981647517611	0.000694648669934323	0.00729406951972978	0.015521574392398	0.0112356887190022	0.00543533631086353	0.00946615840833155	0.00278126179174974	0.00285899298729766	0.00654240291859171	0.00436340590684066	0.000729850295335189	0.000642321640303214	0.00133252363148811	4.75526888184107E-06	0.000142472131319694	0.00387963247401127	0.00138681368066445	0.00321060477213308	0.00681557351973182	0.00454502655738812	0.00385000050863614	0.002098225072406	0.00054946195454632	0.00657651675312158	0.000935278713056275	0.00885539320234875	0.00464396284828691	0.00163051778682732
[Del(C):R3]T	0.000896110629518812	0.000435956451142896	0.00136182265698518	0.0486141926149434	0.0290656060413516	0.00101823723790822	0.00639305565879861	0.00514813495700946	0.00277305943321217	0.000947340491493076	0.00872367438058196	0.0128715797832114	0.0140552718540814	0.00833747104017901	0.00342584068936715	0.00422117785424391	0.000762998978624683	0.00682839188920251	0.00431324173262375	0.0006633096612137	0.000603502064032359	0.000750305061754255	1.61268159194296E-05	0.00044900596307638	0.00165223959306364	0.00190166851594205	0.00332528946670198	0.00417746128855545	0.0107203249825012	0.0031161167254933	0.00223943825237065	0.00131823946982396	0.0106147112986502	0.000910773658605521	0.0059545398053825	0.00619195046438807	0.00357805007751892
[Del(C):R(4,5)]A	0.001316054967962	0.00313031351249168	0.00674460670471279	0.0846372944348558	0.042108075244148	0.00325277051970142	0.00162649537129463	0.00756140043923743	0.00391319093029664	0.00959287078708088	0.0102501195670589	0.00669585261558854	0.0165152688679206	0.00243413824285702	0.00433597753701532	0.00547417789391209	0.00153854841685379	0.00471170727048937	0.0111040710590467	0.00122292805077323	0.00525341450309248	0.00526284099759158	0.000382499020111009	0.00144123291186414	0.00436179211467101	0.0102481374429009	0.00978685021760335	0.0142260678660036	0.00579791934176696	0.00379777948737584	0.00341389651956578	0.00522534326324186	0.0118329659208686	0.00112233445566768	0.00332858953669319	0.00773993808047046	0.00465817789593987
[Del(C):R(4,5)]T	0.00116699193860759	0.00248572069282849	0.00593987857479027	0.0465464786909204	0.0188852023792349	0.00126076003269786	0.00392665590229877	0.00551220553612658	0.0027732515479524	0.00916386667453516	0.00753239179254922	0.00541331597823986	0.0114566647000564	0.00542861995476895	0.00155085169356513	0.00332303456702972	0.000951921711018652	0.00420306362029002	0.00709223313653696	0.000703648239455842	0.00369387033404666	0.00306188790403607	0.00103110895498217	0.00119373411439548	0.00107245224289752	0.0070714697972104	0.00693759131522883	0.00990266457070475	0.00308176878540379	0.00202736999790413	0.00356551142158251	8.46699586507584E-94	0.00677817879143907	0.00187055742611303	0.00434920252526883	0.00696594427243994	0.00347105846499424
[Del(C):R(1,5)]G	0.00192821528934113	0.000387282781808671	0.00369494322234633	0.0578497220871064	0.0262466986213611	0.00636730494382593	0.0275438654287314	0.00311647989392022	0.00268239429489677	0.00368600995969632	0.00457304853212772	0.0213161501731415	0.0107571482329526	0.00676989100885126	0.00796553400221278	0.00655655773953209	0.00125762382656518	0.0103937910377216	0.00434177821789949	0.00071548608557528	0.00154648605273822	0.000890349321302731	0.000587094174852796	0.000426542504529034	0.00169466216707212	0.0031979673673605	0.00241240167903921	0.0123746722450908	0.00926164222255483	0.00076665279954337	0.00194235322507817	3.08604083814199E-112	0.0120479177662947	0.00168350168350172	0.111549708126305	0.00154798761607654	0.000572478462355763
Del(C):R(6,9)	0.00554305568509527	0.0161867527453688	0.022319158412587	0.0310334569234844	0.0123906449159828	0.00761171192194345	0.00026463204599271	0.00515409122673718	0.00245140867247377	0.0428517548533553	0.00173845479319769	0.00771019707140203	0.00857429849639086	0.0134279912348818	0.00371322120253871	0.00980721361404526	0.004665579698978	0.00292129796711556	0.00354247521213378	0.0015156295579545	0.0242154581959203	0.0155930116471418	0.00174397878775011	0.00947410018882832	0.00102250613469728	0.0196301472558962	0.00602305639023006	0.0115621682988576	0.00671748312748124	0.0133063341974524	0.0200759488644758	0.0127894809151279	0.00357500319628111	0.000187055742611062	0.00825750588114521	0.0077399380805167	0.031373414454943
A[Del(T):R(1,4)]A	0.0140362613338599	0.00502888572826502	0.0151842640575854	0.0159577993853816	0.00721503151664949	0.0169618129908701	0.0389238222321813	0.162125137165849	0.00959915319568324	0.00441014665161735	0.0150997749989111	0.0242813703342842	0.0304815111526077	0.0345756515806925	0.0150167426368021	0.00539412303113459	0.00940533727451471	0.194626658694062	0.0105668063151301	0.00490413166331528	0.0180041548412179	0.0219956594991377	0.323289334782884	0.00560144797980389	0.056927170215816	0.00691850131037015	0.0243419549532297	0.0147791949192097	0.0130406966648351	0.0101617206726084	0.0245024259998014	0.0199828750126903	0.0534822482371278	0.00827373753900193	0.0587808990620322	0.0317337461297264	0.00115381251501481
A[Del(T):R(1,4)]C	0.00415591517341168	0.00116019509764925	0.00411509477810746	0.010502337953279	0.00396800642541805	0.00846075341859802	0.0193644946736624	0.050375252978218	0.00315661139631649	0.00236200760704896	0.0149407463912207	0.00364347690094085	0.00716096071868049	0.00725980308164182	0.00717932252748081	0.00728381759602663	0.00567725777721744	0.00979490586905725	0.00800485130245618	0.00475244005668736	0.00654282618107972	0.010599622286328	0.209498475661778	0.00206508022907455	0.0401397534611289	0.00533218457348581	0.00827305655941656	0.00126268196097597	0.00219192734120504	0.00304391052089433	0.00385828478540386	0.00684055216531129	0.0286648689182169	0.00297240934660285	0.0153815898384612	0.00928792569648725	0.00414196890877169
A[Del(T):R(1,4)]G	0.00491105538479154	0.00103008008772556	0.00407307837840428	0.011211955581664	0.00871482328657629	0.00912489214462082	0.0198817293571033	0.0622917252917429	0.00394601653606591	0.00201391333736524	0.0129278867055651	0.0110936019627155	0.0175243497716238	0.0263300176386374	0.000900607482529438	0.00537015388773339	0.00401057682479079	0.00814291613433624	0.0052435340205779	0.00148789778461577	0.00555135961118125	0.00805596160488429	0.112460628576684	0.00208367151133257	0.0223966889443758	0.00282507995266361	0.00473650157952414	0.0144321758766059	0.00576362463697979	0.00478859554314263	0.00477324895891802	0.00603040627862771	0.0281852584035768	0.00323473303087908	0.0213969674567224	0.00619195046423492	1.05949358567919E-08
C[Del(T):R(1,4)]A	0.00306104246949227	0.00250379334996761	0.00511271022276807	0.0297894083979316	0.027288434393797	0.00762718085527924	0.0355610160009771	0.0512615045319679	0.00668282838547425	0.00245351116344954	0.0148614897203315	0.016790733162919	0.0391412536189449	0.016370773074534	0.00755494135501892	0.00569807700470199	0.00948063031935235	0.0438541015799279	0.00447237884835089	0.00019499308761024	0.0047635347115766	0.00371180897981204	0.00777291530436567	0.000785211480577727	0.00358103878360917	0.00341690989392074	0.0231911499814648	0.0171130147187881	0.0119808236533097	0.00725963524175358	0.0106550596188463	0.00570135251357343	0.027617303714241	0.0025805907779445	0.0662137111872793	0.0139318885447462	0.00291237246665102
C[Del(T):R(1,4)]C	0.00195193982519237	0.00155178196029918	0.00393328284370155	0.0185460098567322	0.0112316719051422	0.00366707964886402	0.0244513245045193	0.029959469422312	0.00772994481670216	0.00303192209128938	0.0188324934608881	0.00984012350105053	0.0292857059014371	0.0138452437269843	0.00571929206204222	0.00752231201009142	0.00625861327961113	0.0109837303069607	0.00334859059131615	0.000339767631873757	0.00324753629920225	0.00344146109893451	0.00482218085185683	0.000634017675793948	0.00303607052972888	0.00586550356888203	0.00669121982403352	0.00533063151683562	0.00678551772837489	0.00259228459955183	0.00241077917619809	4.47751349861639E-20	0.0194594246274716	0.00201782700932944	0.016610305378745	0.010061919504558	0.00500505085382757
C[Del(T):R(1,4)]G	0.00116287869939702	0.00225789966323145	0.00351239648696222	0.0307127389048477	0.0293505506785338	0.00353092137141038	0.0292973378992916	0.0190881505144223	0.00500316897738855	0.00179840257512547	0.0159702464553687	0.0149755971925933	0.02836863917209	0.0209492205462138	0.0199819193561827	0.00329999688211524	0.00548970625801369	0.00825279919723091	0.00201513518747246	6.18793708441025E-05	0.00253921890156291	0.00247403079733702	0.00231290794845019	0.000478019018396808	0.000831034095396495	0.00234016488430022	0.00497103684261033	0.00513137291579309	0.00549624823929175	0.0031386440485228	0.00161866081617389	2.53633980187617E-16	0.0209510032101963	0.00287326701000276	0.0405555665813735	0.00928792569651861	0.00461413229424905
G[Del(T):R(1,4)]A	0.00348385703786388	0.00190425290194861	0.00758884866927187	0.00886725935248699	0.00522390055050195	0.00478372000512591	0.021984296425074	0.0580568903033382	0.00569118215299309	0.00171656605974035	0.00857868217202216	0.0106657738113299	0.0250570568242491	0.00828183140766281	0.00235949778739185	0.00486018852463905	0.00733995399860117	0.0914870046030759	0.00698372426558142	0.00116720735380161	0.0135030601310824	0.0137098324088789	0.00678775844214496	0.00036560950797335	0.00851250989298799	0.00222238677091307	0.0134360616155382	0.156874703967174	0.0035744088847035	0.00356905906802089	0.00393255229725358	0.00439506006280086	0.0166714374971439	0.00353337437230624	0.0293524700329448	0.00773993808029525	0.00266388282200839
G[Del(T):R(1,4)]C	0.00130954441987632	0.00145997010069122	0.0053836421092261	0.007104619056848	0.00387007608520125	0.00176296417712463	0.0114314667953498	0.0196882951414932	0.00409456476409874	0.00161358258477557	0.0113805638994524	0.0058120113568137	0.0202632407523975	0.00949872260008127	0.00467002657056471	0.00318866337604546	0.00464580153925305	0.00598509107270983	0.00429490475500812	0.00160991510489842	0.00690815250814093	0.00922256829710084	0.00408580922910473	0.000719076276760085	0.00669636785648965	0.00287630630914667	0.00311653980801178	0.00842023757217462	0.00499477836584984	0.00128989025231059	0.00125979308490507	0.0018382540982677	0.016809824058911	0.00164690583510011	6.32655801777849E-158	0.00464396284819828	0.0024488668116017
G[Del(T):R(1,4)]G	0.00147812872310455	0.00148677932193564	0.00299033211238019	0.0105475867302246	0.00732229327200564	0.00193690077844044	0.0155175010005309	0.0213895882923357	0.00509351722857655	0.00161802415969054	0.00935031825314235	0.0103323172197897	0.0113228495258835	0.0148561222005283	0.0056492077915247	0.00405977891203605	0.0041254183858791	0.00788363511085697	0.0051195727447025	0.000936133334106515	0.00511587072035067	0.00711544383617547	3.76317713270886E-07	0.000515475781897284	0.00380573479003516	0.00156725943903533	0.00215434932725975	0.288380544663679	0.00413935479164978	0.00209148464597288	0.00220572255805135	0.000905030723186376	0.0103908076485063	0.00214589288101764	0.0147056743909874	0.00232198142400092	0.00111700033247547
A[Del(T):R(5,7)]A	0.00651809305529296	0.0686409037569259	0.0347965450898542	0.0131995521271834	0.00340688797535654	0.00810561801758297	0.00386091468891242	0.00942012688403183	0.00741189377271287	0.0423852433456816	0.00665532985990628	0.00323447980988284	0.0264341501986671	0.0162130725935693	0.00990129313359174	0.015311537817779	0.0115882615556602	0.0174394708228277	0.00815138648431794	0.0125766189848777	0.112670819468408	0.0731522017634761	0.0536573341174302	0.00888664285846489	0.10825765403335	0.0213404386659507	0.0104839456154384	0.0081924229113561	0.0155088304742301	0.0018429726533434	0.00587965346463189	0.00522035436524162	0.0126546109805047	0.0020156735178228	0.0106953046463927	0.0123839009287729	0.0103358102246298
A[Del(T):R(5,7)]C	0.00361738954957227	0.0428473963786208	0.0188938432484115	0.00753815848446115	0.00205315613075299	0.00527754290533483	0.00377740704012756	0.0102417850068076	0.00430577364210559	0.0210781828072201	0.00436432287918298	0.00505779614230127	0.016771032424825	0.010649809143093	0.00163888253264203	0.0126489991428132	0.00739374532032329	0.00400104165141568	0.00900888977767864	0.00973373146696514	0.0373059087202006	0.0285336514767672	0.0489369594277687	0.00569205105394327	0.054037993021981	0.0161440905771722	0.013004903712314	0.0110491351334143	0.00709381819689215	0.000925016559426937	0.00244344313390795	0.00280799157455003	0.00854507736448613	0.00149644594089026	0.00654165807755203	0.00928792569656898	0.00422300128847328
A[Del(T):R(5,7)]G	0.000950455115478841	0.0308063048008855	0.0208068782431556	0.00625059093990557	0.00133680852070943	0.00220863479825439	0.00217309188568555	0.0016659466736736	0.00375603647757951	0.0250451377019412	0.00210885957403573	0.000583200490585008	0.00432903337790413	0.00675623350904022	0.0307678023984553	0.00374680587091229	0.00763564331855489	0.00278857987235941	0.00182655850729669	0.0041398604465856	0.043716733068271	0.0285257355719018	0.0437135829678387	0.00293329140785836	0.0406907123259192	0.0111150230931648	0.00204250079890496	0.00448433905804714	0.00481408557588135	0.000897764223680712	0.000820562117290067	0.000167451358884857	0.00752217611734841	0.000561167227833568	0.00305870116394241	0.00619195046440833	0.00408635575727649
C[Del(T):R(5,7)]A	0.00208839275450465	0.0256649272150957	0.0128233796394252	0.0126995844709725	0.00344160925959457	0.00510733754565843	0.00702079714043749	0.00599930020110968	0.00252473789097576	0.0269886939777379	0.00355651169222778	0.00273095972320674	0.0129415514311316	0.0129987771616941	0.00393111722851036	0.00748004738094742	0.00822451473478203	0.00655170255237083	0.00334234666786533	0.0126514632601807	0.0380558002857338	0.0250774441646914	0.00161272508020215	0.00480216094150382	0.0206628157570942	0.0119190770448558	0.00792091966639915	0.00682127850627148	0.00926661266001612	0.00226858367665022	0.0051172188555728	0.000437072056916451	0.00318148202243655	0.00120461039869491	0.00712758572458523	0.00928792569662346	0.00262609090900949
C[Del(T):R(5,7)]C	0.000552188004412018	0.0229216121904945	0.0186289004460519	0.0110692877332495	0.00259965061642751	0.00504355971097769	0.000409275225591336	0.00718493540554625	0.00212466637510041	0.0257100394939635	0.00278614856980058	0.00542385047863253	0.011753942781773	0.00994209737191899	0.000846139091846885	0.00480165921829837	0.00634456214743271	0.00168450800251893	0.00290383962258958	0.0045360505907457	0.030088748216707	0.0182260457627202	0.0012618783931398	0.00645392218022215	0.0110583713697534	0.0163836902390678	0.00815623153610478	0.00435120525763507	0.00766849647759314	0.00343859040831634	0.00729636657794313	0.00295498883900849	0.00624998197277099	0.000505585248877956	0.00355113343359794	0.0054179566563243	0.00681892945007121
C[Del(T):R(5,7)]G	0.00139242318191486	0.0175737739707018	0.0120808040952227	0.00767955565427442	0.00261615394534173	0.00277479030332888	0.00272076681563923	0.00331442638650388	0.00274434332612598	0.0221173328263581	0.00266060875920596	0.00293405931706111	0.00659343292798133	0.00455996496477394	0.00281907394686629	0.00367754545044226	0.00258733022130174	0.000998156527900073	0.000884608144515566	0.0021578998105798	0.0240979815235097	0.0132992988702406	0.00146560094505028	0.00440370282973302	0.0049680958525755	0.00912762457928194	0.0046854604189749	0.00289956250194133	0.00461811093428938	0.00075684619328408	0.00200227944684284	0.00208756759479199	0.00312719697754555	0.00056116722783379	0.00246195757888465	0.00386996904024711	0.000812250262572771
G[Del(T):R(5,7)]A	0.00059684116434802	0.0152851741098019	0.0169119043704064	0.00542999909518354	0.00100865299673925	0.00249622511149813	0.00480904297488058	0.00594652210942686	0.00334960538142487	0.0196948405899031	0.0021185379159074	0.00279903937277013	0.0135437119319912	0.00707664173071206	0.00201826085119253	0.00476844275412832	0.00616198718968777	0.00742367305566244	0.00326321699267369	0.00404032041819424	0.0431913998556116	0.0268079710275659	0.00191498487636116	0.00469312068400671	0.0112024068365594	0.0093530235213092	0.00548873294524453	0.00809991777856623	0.00941528106986496	0.000764126153941779	0.00131851265962153	0.0010775442912684	0.00569550133603109	0.000561167227833685	1.64637838196942E-90	0.00232198142410782	0.0120216621113656
G[Del(T):R(5,7)]C	0.000596217815231131	0.012844591274442	0.0169633924228528	0.00433659423925542	0.000138803420256963	0.00296345373589241	0.00207818212660303	0.00373852360316325	0.00211189981344993	0.0143112981537165	0.00252767545262457	0.000595546655379563	0.00692755289839305	0.004913523380465	0.00237641937224602	0.00527300998888288	0.00697052212292721	0.00222265715103417	0.00298474086082565	0.00218121570029466	0.0190132934167284	0.0116981230448788	0.000954036667285137	0.00402523306300547	0.00667666112018955	0.00955822768592723	0.00176414924787107	0.00343064404635369	0.00446457714893905	0.000272504493999366	0.000541327997044474	0.000144756045548394	0.00657744799591423	0.000374111485222445	0.00206895450405705	0.00232198142413466	0.0123195804653851
G[Del(T):R(5,7)]G	0.000593457741783147	0.010512989759573	0.0124341424725335	0.00478266414409853	0.0016556306842038	0.00184768465425808	0.000945422921916061	0.00340915541471648	0.00398072746210329	0.0126998942816054	0.00148104118002265	0.00240327544202407	0.00805931212589957	0.00672660911186277	0.00518507743204382	0.0033808356664087	0.00380715862560819	0.00214659806967861	0.00150808845940348	0.00102794905088059	0.0225945437579501	0.0140242872533541	0.000975120506823075	0.00262242494212307	0.00560823654975759	0.00649126785068874	0.00111462315174162	0.00620754421907595	0.0041397541668991	0.00120336418148763	0.00109029234605201	0.000529832157406741	0.003970093977876	0.00107618820909067	0.00410910042049536	0.00154798761606451	0.0054880167617398
A[Del(T):R(8,)]A	0.0085742279825967	0.124847272266771	0.073780544618214	0.000936459721805486	0.00752393519320126	0.0170967527919296	0.00195049686456491	0.00331259077001647	0.0029205708929742	0.0741913811580376	0.00161652287781164	0.00185576617375112	0.01031981448426	0.00779320345178159	0.00554628861060033	0.00641086379595318	0.0172291239656034	0.00565624666565098	0.00253874864227259	0.0141196944936538	0.0759793296403419	0.0475124940265389	0.00725636398794139	0.026829440979943	0.0447742804914742	0.0415273871978151	0.00821242316510916	0.00826402642264469	0.0153200190989753	0.112023803641899	0.1460301049162	0.101058385425019	0.000626185675655988	0.00121093637310262	0.0103666876647041	0.0162538699690401	0.00957454260712755
A[Del(T):R(8,)]C	0.00684565335964704	0.0921444243976403	0.0602286671374185	0.000325536056485885	0.00371480767373928	0.0126279579095914	0.000130971102366855	0.00307160909352029	0.0040041914837499	0.0496970171514236	0.000520694636391047	0.00529360185616832	0.011468773220134	0.0159775275478297	0.00101160694293645	0.00688938302254203	0.0141414158262649	0.00166754255509608	0.00240600499243082	0.00430761700402146	0.0427728139652089	0.0265371565220021	0.00782103682089137	0.0207894508015553	0.0256534207825784	0.0299613295181021	0.00520321945004345	0.014113421434342	0.0195938698470716	0.0130702333952682	0.0167233404377104	0.0109997061660551	0.00225211518702213	0.000837935978246882	0.00358553972932307	0.0100619195046377	0.0145513496320802
A[Del(T):R(8,)]G	0.00404923116382138	0.0536698919385346	0.0227604317901539	0.000465112356391558	0.00356729558323219	0.00542439392992432	2.9846505107117E-06	0.000255211177612441	0.00103861021528039	0.0395541549249556	0.000554340762836581	0.000422493202556326	0.00129591696311563	0.00357047398850662	0.00691368687597271	0.00207430754457098	0.00922406236993474	0.00107008989720083	0.000269768879718773	0.00135806716095586	0.026475016540692	0.0150272186533161	0.00232018618494036	0.0131026327040763	0.011304074483308	0.0217113826380815	0.00650572991026308	0.00988513530893796	0.00480835245022476	0.078593328602124	0.11670646740488	0.0819631247009471	0.00096234295085547	0.000374111485222611	0.00100066563845116	0.00154798761610547	0.00293890115751615
C[Del(T):R(8,)]A	0.00657375979352889	0.0648771325067467	0.0357536212909157	0.000698009256946301	0.00665304838854114	0.0145764197775448	0.0010437712106585	0.00065955252425275	0.00104099927836539	0.0601120016727571	0.000932359947493398	0.000214268542576909	0.00232597520294995	0.0102417683869793	0.00428947205549583	0.00762432716460065	0.0167046813957242	0.00311086916512108	0.00073842290262014	0.0079336898421474	0.0401486627480811	0.0258700739719724	0.000458159142445997	0.0185388080296978	0.00618479939028128	0.0281674116339986	0.00669813736733163	0.0189091636963217	0.0056267915452894	0.0503423262222366	0.0689849213735726	0.0401671833838061	0.00079162098214448	0.00074822297044522	0.00386026100232847	0.00309597523220346	0.0167129271438023
C[Del(T):R(8,)]C	0.00300306521297982	0.0705670008559637	0.0719458612684417	0.000636346933102265	0.00569800643803978	0.0162429286318345	0.00568010535221996	0.00031066793326162	0.00136869308314119	0.0658920923354074	0.000570156805756166	0.000546807746388603	0.00100743658978705	0.00130367978948159	0.000710005861754567	0.00479739892385461	0.0180517635062003	0.00102580193806087	0.00117511982598547	0.00244366211358942	0.0413951606992556	0.0196117719401614	0.000719560687953689	0.0254018057921064	0.00248662684627497	0.0307282640546844	0.000240820514118887	0.0220767960910238	0.0184503947139451	0.00555336654926542	0.00887867955153963	0.00521472771964427	0.00183953961771208	0.00018705574261126	0.00152162047828144	0.00696594427248277	0.0156656084938515
C[Del(T):R(8,)]G	0.00266388398426702	0.0486725915955965	0.0217617248709236	0.000126700948030038	0.00513808061834055	0.00785966740819217	0.00143713413633562	0.000270574422680116	0.0010097377977093	0.056229508485435	0.000315879389870933	0.000191282410964407	4.54537525248374E-05	2.03407135438906E-05	0.0049428261110275	0.00244926952159812	0.00620113542855161	0.00139548661942723	7.287477020384E-70	0.00093135396756316	0.0240971100864936	0.0134363580601057	0.000153731018137158	0.0135054916609576	1.23182342493605E-30	0.0238814726070839	0.000481538866052484	0.00486105547246165	0.0100557979585533	0.0435414052067987	0.0658727038146333	0.0422873614620204	0.00145320842303011	0.000187055742611298	0.0043355097215113	0.00309597523220975	6.70399128569151E-61
G[Del(T):R(8,)]A	0.0025459845472227	0.0392254483361522	0.0293062585328646	0.00021040192685287	0.00200811808682704	0.00739598858859176	0.000256329192656086	0.000832497805924786	0.000860631274160689	0.0375958305143852	0.000721842039724586	0.000128061240991834	0.0023259089351494	0.0064211348758755	0.00081833256671854	0.00275915244657484	0.00479411022798176	0.00121049760151709	0.000700056835064369	0.00522246983239892	0.0262813638678484	0.0157084208981457	0.00218451569398924	0.015142351213346	0.00622674173839389	0.016004264689676	0.0012869962860537	0.0120008407236409	0.0100162681171515	0.00139888154745224	0.00241907885556704	0.00363121388638765	0.00146457300380208	0.000187055742611314	0.000194061143134695	0.00464396284830746	0.0185332274465662
G[Del(T):R(8,)]C	0.00145493686445774	0.0347781161122265	0.031088766608268	0.000463509068507551	0.00277006978621301	0.00588596956611073	0.000339061205556438	0.0015820151164682	0.00108482621630131	0.0284356209144365	0.000766516441278678	0.00206091392165743	0.00241166851171614	0.0016744816245802	0.000823438841429056	0.0025467322006206	0.00508221597817852	0.00158183166144207	0.000571345974333677	0.00142945275068532	0.0180316586905259	0.00984446199125865	0.000837049864928111	0.012225025905056	0.00151304772585653	0.0141428721999045	0.000434573546304843	0.00534572165086651	0.0110743238403079	8.75918476147543E-08	0.000202431858653633	1.15398216342993E-23	0.00172530945677166	0.000374111485222555	0.00306592620694796	0.00619195046440569	0.0144042948729071
G[Del(T):R(8,)]G	0.00154467238904503	0.0225663614404829	0.0133636895797606	5.88849208122588E-05	0.00299031395047053	0.00344327254266613	0.000820456399201615	0.000260448618719375	0.000956728079892895	0.0245385722360623	0.000321158264981424	3.67075371912176E-05	0.00100225351517919	6.78436866568782E-05	0.00242438615008373	0.00106646883024366	0.00385461666216795	0.000536718243429687	0.00010960370569983	0.000932737741169354	0.0124746608053606	0.0072916982651994	0.000217912544903327	0.00764077639788743	0.000753556209868242	0.0106354369422288	0.000489355006711342	0.00179487446033199	0.00281967899293585	0.00209943545739784	0.00468878728380211	0.00401939482694729	0.00027703186499282	0.000187055742611317	0.00104272532833772	0	0.00422100417823035
A[Ins(C):R0]A	0.00233187677073847	0.0014938513199522	0.000766026316782748	9.44010862784355E-06	0.0140579971464463	0.00104579092308459	6.9722391977975E-05	0.000916286852470812	0.000623212970773549	9.31128562496689E-05	7.27688873909889E-05	0.00136817587505329	0.000322063076558428	0.00214615907885197	0.00335996319957657	1.28471813908214E-07	0.216794922647797	0.0045189541178255	0.00913867652923948	0.0246230000445978	0.000118268466059009	0.000131508051332035	3.31093411925537E-07	0.004503625913791	0.0245937003867601	0.000521816575445364	1.98555853738264E-06	0.000487500014184327	0.000190881221755592	0.000687887361155359	0.000704476432930855	0.000388505046365076	0.00558872197242823	0	0.000739989580157265	0.00232198142415944	0.000932907110932034
A[Ins(C):R0]T	0.000727444237898109	0.000346732756520369	4.64532979605653E-05	0.000291947858464011	0.00546410469983091	0.000237623869936149	1.00807739630168E-203	0.000243232725024905	0.000378576345325136	6.03948195567723E-05	3.11335009538823E-05	0.00261007801759051	0.00010436709775191	0.00100794461858835	0.000156184988550072	8.34338163970704E-06	0.124207717274581	0.000515722785634072	0.00136516592887633	8.46775327922097E-05	3.02181114653645E-05	0.000129343204115146	6.98484939817109E-15	6.94807814040879E-05	0.00101837936485858	5.91614696243496E-05	6.6743021502358E-05	1.48394844742141E-20	3.11115709431063E-43	6.87515029999184E-13	0.000445826648454428	6.22540209193139E-61	0.000844835284726595	0	5.15414447267282E-07	0	0
Ins(C):R(0,3)	0.00843839960978652	0.00188267872565154	0.00678330532427738	0.0161488509844581	0.0251294051898088	0.0116271127748478	0.00822577254321694	0.054545330971882	0.0042120527129464	0.00178286339242876	0.00769505553425534	0.0292098793232024	0.0185362660289801	0.0095158380693844	0.0513578951308764	0.0180159195109081	0.0516411691778015	0.0254240160429493	0.00792745902091272	0.00625381705580893	0.000570680585844081	0.0011865543938416	0.00794960524070567	0.00749056725195025	0.00556232350703978	0.00434965996120225	0.0390052078661467	0.0389926769009303	0.0288630010298178	0.0101502595413272	0.0187463452876603	0.0194922036938391	0.020994642809821	0.255524798855398	0.0313688803657681	0.00696594427230311	0.0120671527237041
Ins(C):R(4,6)	0.0040930855659378	0.0037313025234188	0.00394516292189234	0.00958114610863648	0.0108251445918618	0.0039706304559981	0.000296556047899251	0.0122257219452253	0.000662361133404905	0.0106698427533232	0.00274804187037725	0.00105772083989542	0.00102015351646434	7.79128067821879E-05	0.0108620852965783	0.0131040017589444	0.00207286830409512	0.00515534243147454	0.021236116667255	0.00719102476526575	0.0059459659164479	0.0149930187948674	0.000195944063391596	0.018651506405449	0.00316678465140122	0.0140963545734109	0.00374439367268475	0.00424937377818439	0.292794232184375	0.00282008396230804	0.00380209480193504	0.00622789602506084	0.0041803108200382	0.579642854969548	0.00571443398647228	0.00464396284828447	0.0502231328019921
Ins(C):R(7,)	0.0223316430161706	0.0055570440598764	0.0109508074178942	0.000839554190787637	0.00133856204936759	0.00334169137223142	0.000754172204649122	0.00376301216591053	0.0011778633745619	0.00880130617616303	0.00248068051365389	0.00128252275827306	0.00194129103650474	3.23369896988605E-05	0.00136967623597401	0.0104207117025398	0.00340486232044524	0.00266243873803868	0.00565796964147486	0.000255916932174045	0.00527532164909627	0.0074569271692997	0.000439365032498761	0.0286256785373024	2.25284568466161E-51	0.0153898609382371	0.00216957216729636	0.00260148333120465	0.0265399424190076	0.00426480606628485	0.00135299294493486	3.29777763901823E-05	0.00195326854866998	0.0076059105840027	0.00404258590801896	0.0069659442724406	0.045369696782242
A[Ins(T):R(0,4)]A	0.0128729429303215	0.00397327063519863	0.00394184836062476	0.00365847131370133	0.0114822048064738	0.00631723257329628	0.00792288690863475	0.00866907855330645	0.0040823949106921	0.00178515398773025	0.00570323259101142	0.0108990264565397	0.0178538774843848	0.0066532884770424	0.023080662454992	0.0163251560975226	0.0417840209588356	0.0207745113473612	0.0275874829960548	0.0108589972271544	0.00152071251292742	0.00590005873889095	0.00799336472414581	0.00802396269783879	0.0155846385528127	0.00464667074846208	0.0269010445477691	0.00264509891751533	0.0085640946714283	0.0104335690974799	0.0271787201649169	0.0155025087122235	0.0219137931524095	0.00165652793665535	0.0132717264138928	0.0100619195046303	0.00500541609360666
A[Ins(T):R(0,4)]C	0.00206235930101226	0.000753499982099824	0.00135684998042296	0.00150370843639551	0.00589786164390862	0.00374130054672979	0.00169487441894468	0.00823637600671356	0.000809617125778164	0.00211352618263346	0.00143173374029116	0.0141974019727128	0.0048129153927207	0.00315119693452897	0.00453592843755648	0.0104443275391166	0.00447793986485798	0.0130984352507249	0.0236527172445977	0.00461680493097713	0.00102165669532249	0.00424659415303116	0.00755122438649554	0.001804765518312	0.00512879522253294	0.00267941530812281	0.00862221719219308	0.00242038365411722	0.00246353610952858	0.00285866656437368	0.0037968123440826	0.00127003585984536	0.00856262141961017	0.00197620291762662	0.00358054580344309	0.00464396284829552	0.00709855895199472
A[Ins(T):R(0,4)]G	0.00283221130543047	0.0010392153013453	0.000423029700497138	0.0234426123039599	0.0575501230706718	0.000746422601647867	0.00441793711605639	0.00576223998732469	0.0026212298206703	0.00251435233789454	0.00251567728115989	0.0085896925723984	0.00763193165007912	0.0039207167347216	0.0123076935632543	0.0119915977537401	0.00693611026554451	0.00439604697720382	0.044873921198229	0.0106291755561112	0.00166458654808384	0.0072562355144915	0.00340901213994827	0.00408556032135562	0.0145496573181535	0.00685997276618698	0.00987515458136183	0.0152081930695147	0.00314834915714879	0.00388682541628994	0.00417604901902756	0.00439237574128029	0.0117790435695144	0.00056116722783389	0.00446743578520045	0.0139318885449172	0.00547387080156013
C[Ins(T):R(0,4)]A	0.00225595815940355	0.000650861677442831	0.00212169488417904	0.00139345153866449	0.00843216311560347	0.00288262125093198	0.0122991441167208	0.0107427635568027	0.00251502356209387	0.00117479660423676	0.004684950307129	0.00919519367813252	0.00835784736321636	0.000996536305538635	0.00664308599862375	0.00863516187082725	0.00139959251636515	0.00858745838945152	0.00651338385483758	0.0158188427900995	0.00179305710214688	0.00761256194331471	0.00149720196823058	0.00226162701750094	0.0191076061178629	0.00116402303156568	0.00979581418156015	0.00508136807014239	0.00435797535547777	0.00253544860915437	0.00621040854105554	0.00466349829851739	0.0103179679528301	0.000373560856317235	0.0228274542373207	0.00232198142410479	0.00303073030790029
C[Ins(T):R(0,4)]C	0.00194287038593016	0.000628786632708083	0.00597902180465789	0.00260328851736899	0.00593880948253705	0.00322618024578725	0.000164060088960549	0.00587413665565964	0.00221421576198241	0.0022418349953712	0.0027024930758838	0.0147881230955135	0.00473399822462721	0.000370968612145787	0.00635213452239991	0.00933276563205619	0.00291406548023475	0.0243281322307816	0.011030095172505	0.0181632050325293	0.00191784113784282	0.00867122595825432	0.000507453523145117	0.0025672493230954	0.014825132252118	0.00295608021403789	0.00278347386239733	0.00205351522563006	0.00246302996366101	0.00480243924905747	0.0104652838876932	0.00913740324240457	0.0147834997310154	0.00300481500088024	0.00195452288256986	0.00309597523218534	0.00988356718018506
C[Ins(T):R(0,4)]G	0.00184600970477569	0.000880537077679871	0.000875919917701249	0.023608021805527	0.0601976631506256	0.0014505713803129	0.000125685042583629	0.00626575309709925	0.000993018025091753	0.00227792050063145	0.00289325517663591	0.00501139493787823	0.00707684188935594	0.0026231499345644	0.0150243732035286	0.00566025622915003	0.00295204580750275	0.00448171258079609	0.014998323504772	0.0108551898091326	0.00182682734019398	0.00702834680236592	0.000791780127653909	0.00448130861545656	0.0110507429540758	0.00378824910548308	0.00704278287555257	0.0139112672989004	0.00267231029285369	0.00142403781262053	0.00571053531190544	0.00458962842441483	0.00683551001603962	0.000490424617627193	0.00565819531882559	0.00773993808051132	0.00861759113538138
G[Ins(T):R(0,4)]A	0.000628007869733955	0.000199094059956044	0.00345550601511699	0.000914286578172436	0.00918174488787649	0.00287610018918667	0.00440611003189483	0.00663911501430408	0.00106378513799646	0.000449434988801076	0.00478717368847547	0.000559948297991899	0.0127123138672706	0.00272995071044878	0.0392623013088627	0.011878187627607	0.00586342444831558	0.00584784498546861	0.00320572482414751	0.00235023926045871	3.23944336577823E-05	0.000615666959760681	0.000834964453039136	0.000431239810191007	0.00165681583473506	0.000341012471002355	0.00440252801316168	0.00185543284207837	0.00129517634900408	0.00353769707695092	0.00436263372625187	0.00702314487364537	0.0115460094276313	0.00143817552034399	0.00948229098473846	0.0595975232201112	0.0026214861580489
G[Ins(T):R(0,4)]C	0.000614395007077478	0.000210101482801951	0.00145244800341788	0.000354261212874523	0.00775131988623901	0.00171571730300056	0.000251380428208918	0.00514481833637727	0.00118300069944897	0.00064362844897368	0.00215349898845037	0.00561035094437022	0.00605412669032842	0.00285022212603106	0.0147148226280496	0.00384739898622173	0.00130837047638917	0.0049427139154908	0.00327475696969512	0.00118335760505782	0.000154090335472999	0.000813733976204641	0.000270139289013834	0.000474252995644963	0.000591683637435709	0.000616016068894214	0.0022181917430657	0.00105383732415788	0.00183341519782747	0.00161392218267459	0.0039919773174275	0.00428929508347609	0.00433845348833911	0.00201816517940832	0.00126655145765829	0.0541795665637552	0.00690764732530357
G[Ins(T):R(0,4)]G	0.00278125228659001	0.000508377949606673	0.00213848593418718	0.0160927194008312	0.0552858841421624	0.00194335123982893	0.00365537681792413	0.00510228609369875	0.000836847795151441	0.00136999446045185	0.003189648128788	0.00862660574854044	0.00590394366790081	0.00338152606074379	0.0162352527620441	0.007895736405385	0.00192452309189973	0.00416999474986959	0.0137929283823649	0.00378647513717568	0.000478257637176142	0.00163868313468935	0.000686852125725542	0.00482362181892857	0.00203682636023344	0.00293092172179691	0.0054001844624267	0.00529883712094546	0.00311233328232465	0.0084153110394824	0.0211360922568188	0.0120759550933597	0.00555476078088814	0.00324047027763227	0.00517321802883002	0.0866873065020028	0.00315852243820047
A[Ins(T):R(5,7)]A	0.0382121315926357	0.0094403925501779	0.00808811240547845	0.00414620760969153	0.00609855878929656	0.00432466354259222	0.00790669615290976	0.00283151975591612	0.00500417524761635	0.0127849240126849	0.00164150597256133	0.000344957090898293	0.0100419558300077	0.00558401198320904	0.0155987026597521	0.081981459001149	0.00810178198325827	0.00693732243126349	0.0786651626824561	0.10983364760785	0.0210339145467065	0.0597470097844743	0.00638082417277473	0.0363701392390806	0.0468281703917295	0.0310569696140278	0.0121936043458709	0.00536469976938327	0.0269459077169715	0.00147215537067312	0.00600256524030863	8.74257592129145E-09	0.00421206909617526	0.00112233445566791	0.012130458351882	0.0193498452013205	0.0408094854067043
A[Ins(T):R(5,7)]C	0.0452893271660812	0.00686223363609641	0.00720289005651878	0.00125670884810182	0.00460036693553869	0.00451053915597215	0.00200395996263952	0.00861359245887097	0.00408699260151136	0.0101776776007125	0.00213754133158271	0.0130552326884629	0.00762636449617313	0.00763589260242311	0.00292394283552923	0.0975754598950674	0.00909816218618731	0.0103252160920801	0.0853587791250868	0.0834779006694951	0.0119359423743023	0.0422201329688954	0.00556314965338143	0.0359064410515811	0.0329098621409379	0.0409746537285159	0.00570568628818773	0.0146028425077703	0.0285975544372479	0.00144207032377989	0.00636272248825101	0.00652998177809167	0.00268954040562446	0.000748222970445145	0.00883693674375547	0.00851393188853515	0.0379446415849402
A[Ins(T):R(5,7)]G	0.0311241652913152	0.00668432957585289	0.0075322193447673	0.00670097227613974	0.00553484326653675	0.00206515536657327	0.00190284051117318	0.000414730426875938	0.00361559529984306	0.0111123176690263	0.000975518463996419	0.00262485644426537	0.000952956192822074	0.00260207141397899	0.0467675031574731	0.0674801725404697	0.0124460045717498	0.0050849136070034	0.0766602884621833	0.0300710135286178	0.0085457639313758	0.0257815247714391	0.00324106978255783	0.0249794100183026	0.0128504153760459	0.0506618469204801	0.00168215056979216	0.00788185254325688	0.016434008483738	0.00149959974210387	0.00323843972196748	0.00342755896175486	0.00430199211906552	0.00037411148522264	0.00268912498014579	0.0108359133127528	0.0313057535511498
C[Ins(T):R(5,7)]A	0.0183645320587477	0.00559507642206485	0.00457073659454508	0.00151676348577008	0.00328028150705918	0.00307755730013451	0.00487104989065677	0.00352993846887447	0.000654132116310466	0.00589289970688539	0.00119637518324085	0.00182532590221946	0.00199497967262412	0.00209955631686733	0.00303632440658694	0.0406778798479664	0.0065726299299656	0.00371932096398872	0.0296698103267911	0.0739361663614827	0.00623627001504439	0.0293763052744466	0.000507629137736327	0.0165107308266461	0.0359245272341537	0.0148217641228277	0.00743587585531218	0.00326977415636519	0.00936615884030611	0.00198056677501016	0.00448106650747187	0.00388248434954107	0.00159499162764588	0.000517174153148487	0.00222647934417586	0.00619195046440538	0.0183274254009756
C[Ins(T):R(5,7)]C	0.023610879028748	0.00353517384289764	0.00446676501432984	0.0012662656370008	0.00403669478026245	0.0020135602597042	0.0034147034381611	0.00292123360591868	0.00242409635103448	0.00623133856092657	0.00209905010745129	0.00578811712438944	0.00293733231609631	0.00231728602658555	0.00241832394188964	0.0522733229952394	0.00561615853745213	0.00447780074734366	0.0465242736923848	0.0687341583636391	0.00407457425322149	0.0236261729078046	0.00272251622214293	0.0174942875728202	0.0280673431462881	0.0276075001809643	0.00787281348961752	0.010500903150192	0.014782939126233	0.00296045290315189	0.00559944978706598	0.00396098097124873	0.00228397734011982	0.00074822297044525	4.60879380021142E-23	0.00541795665636725	0.0231404260254121
C[Ins(T):R(5,7)]G	0.0211446562651724	0.00340163601752849	0.0058647860153056	0.00361843696107195	0.00490616796552599	0.0020166509292182	0.00236368774047263	0.00147648632855926	0.002021436798727	0.00702559096873167	0.00131221965186245	0.00238927311152491	0.00143362241862344	0.000491617334093324	0.00762676294755014	0.0411830584280789	0.00362421514959798	0.00217803304023085	0.0351739976348849	0.0265694951404149	0.00482609380752659	0.0159423535364682	0.00113818512846113	0.0176332223943313	0.00971231589447257	0.0314150594508984	0.00299702927911894	0.00862246511428725	0.00883225940414709	0.00177206912608665	0.003529838694166	0.00178592177094288	0.00238135827537951	0.00056116722783396	0.00538398103730427	0.00464396284831898	0.0204245825479292
G[Ins(T):R(5,7)]A	0.0168929756848426	0.00456663317596289	0.00620165578189474	0.000520475120347344	0.00244851214127451	0.00153531601426787	0.00184811266057296	0.0037047532918506	0.000796211796523258	0.00696569061276037	0.00194081463077835	0.00134681449457629	0.00323052636002303	0.00364520337460968	0.00414849216434066	0.0362191008605832	0.00758385319498535	0.00168327452964035	0.0228108696669099	0.0510165376221754	0.00857427496528783	0.0247655923779095	0.00210175719487894	0.0205291769931371	0.0204898944586077	0.0167608528259966	0.00693838374448058	0.00425032581422901	0.014838877054055	0.00101334501890481	0.00359085907818295	0.00193988431337025	0.00381848145423814	0.000187055742611314	0.00371016879227251	0.0108359133127253	0.0485617713256941
G[Ins(T):R(5,7)]C	0.0236021424693562	0.00161347204100608	0.00893814183978008	0.000568197519966979	3.8325466007064E-05	0.00322163490278815	0.00189793953626659	0.00247154329264017	0.00138922249394214	0.00723825644938587	0.00131055998984823	0.00558879375869602	0.00210817199357377	0.00391150449665633	0.0044616681743363	0.0409336551292748	0.00378634695150906	0.00361001547532305	0.0376001537639232	0.0499371586973109	0.00716559056062363	0.0222202905341998	0.000640424078462386	0.0228539942186488	0.0187735541038494	0.0267160498683372	0.00601238447240628	0.00541295466473991	0.00883959281383109	0.00108056125397686	0.00486818677346916	0.00138345734065906	0.00385430543860604	0	0.00333330074071883	0.00928792569664362	0.0632742660016302
G[Ins(T):R(5,7)]G	0.0210926292628442	0.00310160449106245	0.00706264586033986	0.00323753794931392	0.00431039615821947	0.00129705927012268	0.00196442809647214	0.00325882701530544	0.00133428653154651	0.00992525412565615	0.000906300461917959	0.00337858780119122	0.000766575954448872	0.00285516147458952	0.0147011336579855	0.0368302460488655	0.00714423223003111	0.00395739219713022	0.0355759721075764	0.0209022700336664	0.00705722528014368	0.0174384923377842	0.00133071985103207	0.0248896827067265	0.00574414371273501	0.0396133228279233	0.00460148966765039	0.000687012130355932	0.00892280389751435	0.00205559141100903	0.00679109825656825	0.00339055370672046	0.00189441098738885	0.000187055742611219	0.00551606580760853	0.0131578947369152	0.0632699847644111
A[Ins(T):R(8,)]A	0.0737778216762728	0.00422573015071312	0.00660676009626542	0.000748903760592338	0.00490232669463504	0.00615654070064836	0.00858490872326866	0.00239755790110654	0.00274367019990885	0.00942448789121024	0.0029035395883384	0.00267857581489085	0.0118873926643365	0.0116265571574811	0.00356744554743518	0.0169700574717009	0.012886437675811	0.00393956886180325	0.0339806840340389	0.0389660073795989	0.0106850072703852	0.0185103316893689	0.00495251590511655	0.0417793014228317	0.0181578641937698	0.029112891944524	0.00970613677284076	0.00617848163971006	0.0200702793286361	0.031078507622069	0.00466202417525632	0.0043609029348165	0.00250765129179454	0.00112233445566787	0.00603778607679809	0.0216718266254755	0.00980668200649386
A[Ins(T):R(8,)]C	0.0748295952813341	0.00346965209379123	0.00451901584891675	0.00173371517533885	0.00353927745540109	0.00588733828352433	0.0024405957176092	0.00562470175632289	0.00358817895805486	0.00893900566768558	0.00292808314798931	0.00163944500617849	0.0131042336289837	0.0124877754122026	0.000782905770892567	0.0151181227429253	0.0114830659173125	0.00414134530160024	0.0392583183139106	0.050014936030587	0.0136102330563438	0.0232517246664233	0.00466541673014904	0.0438889325566463	0.0240182236316629	0.0342114245836377	0.00639513212295122	0.00286795705444927	0.00878965745432645	0.0745401843511451	0.0108683462631958	0.0102344510864694	0.00545554596500699	0.000748222970445085	0.00606028565999637	0.0147058823529707	0.00865009120877582
A[Ins(T):R(8,)]G	0.0525833390890898	0.00206349436388136	0.00580166224692219	0.000741903555051653	0.00542610888804815	0.00303575988455799	0.00915494169029961	0.000834776255635971	0.00196579154725293	0.00536094077992398	0.0013284301996676	0.00097336046430855	0.00406351123961902	0.00391209716530626	0.0147762234126244	0.00724780980538416	0.00835625586242807	0.00228781831698965	0.0191462431663591	0.0104415755101888	0.00593355976546684	0.00838103709969868	0.00190014718759253	0.0252039410333528	0.0051861550966195	0.0246236643546202	0.00143906702417586	0.0013746658223368	0.00976057155431098	0.011201313925433	0.00161987132787731	1.27267566188058E-54	0.00279134255229857	0.00112233447206643	0.0118613843336752	0.0077399380805336	0.00517152994579365
C[Ins(T):R(8,)]A	0.0388950438226846	0.0024889653609389	0.00586930338147498	0.000632728618700276	0.00344028753889133	0.00248416630009299	0.00472938428926058	0.00105376098831601	0.00217568397416953	0.00560639259423125	0.000611091111185035	0.000764608254037519	0.00485690577820218	0.00466046015997488	0.00258194827208301	0.00898090718410291	0.0051197851322876	0.00209378753400628	0.0142794702724888	0.0178326305623384	0.0061743650348117	0.0104133586916116	0.00122243864839956	0.0245506696697273	0.00652793202359192	0.0167091468128046	0.00247868206347231	0.00498897449108407	0.00789098160177258	0.0214929065269663	0.00312749240332406	0.00340063755548114	0.000767406910139685	1.15934767809655E-17	0.00235862850207777	0.00773993808052519	0.00614628293602032
C[Ins(T):R(8,)]C	0.0460347425186141	0.00208755762585046	0.00564546280744279	0.00113063668150628	0.00106016084399406	0.00362244971390277	0.00401288867576443	0.00139000242082967	0.0016299681022562	0.00657079223179235	0.00124175684515211	0.000997804084473421	0.00617906155827787	0.00567233862633125	0.00204877881871171	0.00818497760859437	0.00557302873200085	0.0016393232580004	0.0204511689049374	0.0333778978065221	0.0119136185540513	0.0195582408290231	0.00189716393657703	0.0285385931794827	0.0117713133679263	0.0251548720299365	0.00181337975001553	0.004684042793655	0.0134395080002874	0.0525433917928019	0.00545814846071135	0.00582009657189333	0.00254065620210663	0.000561167227833935	0.00984045826187294	0.00851393188856883	0.00596345020612164
C[Ins(T):R(8,)]G	0.0380308588711059	0.00256326551301887	0.0057344005624798	0.00109428667021296	0.00220081995213173	0.00187930791251254	0.00224628608110451	0.000332845135666253	0.000843470146045429	0.00466052492441556	0.00100862415471263	0.00161037097313362	0.00188288297299603	0.00275097766357795	0.0141957426039622	0.00472747123382154	0.00511174082447455	0.00180228783511163	0.0115403374524259	0.00629912872093997	0.00576693880362889	0.00853570561247447	0.000333005931623426	0.0214781376981847	0.00203825239833232	0.0196399813734956	0.0020423746723738	0.000832227861541999	0.00899157417797188	0.0114685610135353	0.000878204225244956	0.000240342393294609	0.00266345232991639	0.000374111485222637	0.00301166572263036	0.00541795665637379	0.0065490193374598
G[Ins(T):R(8,)]A	0.0403180760229183	0.00211371226053879	0.00248620244039266	0.000545625249574991	0.00183310404789688	0.00278994280459827	0.00423884743317742	0.00184431982946116	0.00110296786366784	0.00646423112237064	0.00188988418663978	0.00220504438946176	0.00777855818911443	0.0107258875097547	0.00166272020106653	0.00863813291683587	0.00669214647361413	0.00291786599857625	0.0143134929427605	0.0164672573382431	0.00618773536955672	0.00897480261685367	0.00151260261241321	0.0315251736248543	0.00626767362107507	0.0184637742696106	0.00790777502543072	0.00492677206291183	0.00790561972429259	0.0545759410309923	0.00663480974002914	0.00498862171311029	0.00185625917351463	0.0003741114852226	0.0065877453052609	0.00541795665635184	0.00854593783409694
G[Ins(T):R(8,)]C	0.0421220354387743	0.00205006548120082	0.00483442179001245	0.00215876499405098	0.00153269826387208	0.00239407149111574	0.00504158481470776	0.00211869589641031	0.00202562453717672	0.00633331583743276	0.000643045355898245	0.000871370704703022	0.00808211465621787	0.00869649829566696	0.0028068676403623	0.00620965015895159	0.0048038978665179	0.0036222902060092	0.0159529460298617	0.0226259113698511	0.00817777323505622	0.0114174955696597	0.00205003583058892	0.0292496968566409	0.00929680811869877	0.021147544517415	0.00521179937056839	0.00230163053626875	0.00624387941238556	0.125699483265123	0.0141997755830835	0.00941804303028419	0.00343267764855632	0.00056116722783394	0.00747156541582243	0.0123839009288309	0.00799271417254941
G[Ins(T):R(8,)]G	0.0376019537548364	0.00325758787736968	0.00535015773501633	0.00032909566407538	0.00331113565110994	0.00105882933207003	0.00025585323452242	0.00107548757252371	0.00104351818523495	0.00460688231189675	0.00137910324271615	0.00463123060167498	0.00110663340543923	0.0023122179773404	0.00992577113693433	0.00510042339530902	0.00518824330208905	0.00276211012433232	0.00929981882831412	0.00553120577419474	0.00480654509704681	0.00582529307873999	0.00162153164771205	0.0234845674895243	0.001443634504269	0.018707430422301	0.00275776893428253	0.00150684947546267	0.00842208917282529	0.0270163203447126	0.00423468074537473	0.00473806681321304	0.00133435965644178	0.000374111485222647	0.00367840595085817	0.00773993808051179	0.00923708602743429
Del(2,4):R1	0.00404843652839643	0.00239878309957474	0.00642937668805578	0.000311178788374948	0.00712634951345974	0.040913627963003	0.0992432234089184	0.00798098529624523	0.00592565800767058	0.00561229396904702	0.0356580292386731	0.0195728104560604	0.0292241609934281	0.0251564442829172	0.0348147273095637	0.00693861938767328	0.0107628305504498	0.0143124119724707	0.000287092204178747	0.000948549585841538	0.00294975389298881	0.000812490565397748	0.00874860523341341	0.0056589342134412	0.00123221913813545	0.00437255979700775	0.0119348414532011	0.000112396491307927	0.00590850507356623	0.00636656219537833	0.00966146127615969	0.0421637594107193	0.0347860665720441	0.00336700336700328	0.0394426945416879	0.0255417956657058	0.000576642392186326
Del(5,):R1	0.00141122953995208	0.000353209840973212	0.00360185741295146	0.00409840712056688	0.00170698124534468	0.00998555059671414	0.0400748945096685	0.0131590677264888	0.0525255970593624	0.00075605198769764	0.228406184870969	0.00575786360092633	0.0237903781092	0.00177964382747762	0.0111158020576087	0.00852864093862253	0.000864153068195251	0.0356968694778191	0.000164977472897149	0.000317902352460286	0.000208334986625451	3.31306670254231E-222	0.00445132099054639	0.000285440693175073	0.000174766294516812	0.000157321092255916	0.0102939735971644	0.00173756026240774	0.00437729546115307	0.00424773636393372	0.00654284097137166	0.0203784476442357	0.0723714854150962	0.00434036838920421	0.00680739959809539	0.0201238390092406	0.00248549573958315
Del(2,8):U(1,2):R(2,4)	0.00752114223731385	0.00502442419886676	0.0400688132221121	0.026568120111984	0.0138128085545773	0.147334676747718	0.0597176115299984	0.0128412477057305	0.00672071251314062	0.00402250627500517	0.0161629744350049	0.0507911539487041	0.0185023987207003	8.10756535926946E-05	0.00890685444285118	0.0127451503968858	0.0120392120897878	0.0104674186486301	0.000163855818134735	0.000469937219501399	0.00159508530736288	1.87414153635204E-31	0.0145793166868127	0.00239348356802895	0.000290327956897594	0.00161873803705459	0.0170419716948449	0.0070714850757792	0.0161208576946261	0.00563281757546687	0.0105283155727335	0.135278473830451	0.0208440095713811	0.00286263683607805	0.0254170321640099	0.0170278637771478	0.00137023622942509
Del(2,):U(1,2):R(5,)	0.00605825766064805	0.00694263428153536	0.00945599383156319	0.0151682180325071	0.00243745905654041	0.032197381729241	0.0141916077819011	0.00482961347185458	0.00488323231094101	0.041249724809749	0.00585945122869622	0.0111666957223511	0.0050020960412287	0.0390572716319908	0.00852794244429795	0.00111199258484059	0.00409515026050788	0.0065036734347377	0.000323588462297368	0.000631910575614875	0.0200830036966209	0.00297826918212045	0.0072380849371342	0.00653639101844843	0.000604276996727865	0.00433095313514577	0.0085427511442153	0.00377250421607603	0.00243299253480976	0.0183500367692192	0.0417600578086692	0.0585783590589376	0.00506105809003739	0.00148858011218004	0.00494501962067795	0.00309597523217588	0.00176199842552423
Del(3,):U(3,):R2	0.0102837044702337	0.00413822447604587	0.0124683897466107	0.000598593522984034	0.00217855128315653	0.14106844524045	0.0278683712660121	0.0113198936377255	0.0133170880822592	0.000583984929953851	0.00103949878360794	0.0123266841987591	0.0152956393162039	0.0677033879098242	0.0085589102152147	0.00313840830419785	0.00225492950600613	0.0047939878920452	2.36871039584154E-90	0.00026629962893189	0.000283488909861105	0.00102514399167039	0.0035068893341671	0.00246827116550486	2.97134389593481E-101	8.79808784017595E-252	0.011641826374455	0.00465805517523414	0.00384940668537463	0.000511051852623072	0.000944928444010634	0.00237518993168009	0.00965926479721785	0.00374377108954617	1.60122231565158E-12	0.0185758513932488	0.00482853641478427
Del(3,):U(3,):R(3,)	0.00279971742188124	0.0018632184790149	0.00883448770887138	2.00758139750344E-06	0.000599932101607247	0.047600842378387	0.00503264784938478	0.00232732913130144	0.00306807870395581	0.00170334339314834	0.000194831081898089	0.00291122536941419	0.00168150471415934	0.0291027262320727	0.00744684441826874	4.69333895436684E-05	0.00116255144320066	0.00115536404711581	0.000119444848995681	0.000435214764398089	0.000549012086685422	0.000568100210502991	1.24326753644363E-06	0.000905560003201444	0.000142392806774778	0.000103745683746619	0.0044016912506337	0.000348099209700928	0.00239886071634102	0.00230289451896057	0.00238306552130292	0.00205802307506448	0.0018608894215033	0.00074822297044528	0.00165864255438416	0.00464396284831911	0.000295114454465526
Ins(2,4):R0	0.0134807844692711	0.00261794461733719	0.0142660448864374	0.00367268795141888	0.00375151740757894	0.00556029701031626	0.00239481348393624	0.00887220272934931	0.00569180169948236	0.00329535458139174	0.00307775046755083	0.0252380283325902	0.00261866093501968	0.004146961679086	0.0854139826923037	0.0016888742367685	0.0460148761956684	0.0196553355585894	0.00786116365493099	0.0148104665194786	0.00190153269780164	0.0017613649479336	5.67090454847734E-05	0.0201273687962393	0.0138394725246807	0.00843203151519946	0.00486822909560686	0.00349709092044273	0.00469764634541955	0.00741757652624713	0.0167016390808544	0.0225840575324466	0.0150501979865024	0.00185460904695081	0.0130950750009629	0.00696594427244922	0.00720422061230697
Ins(5,):R0	0.0070527968597713	0.00567604704425739	0.0105371264531698	0.000779901904770606	0.00100009782928148	0.0104622956246012	0.00365664443796531	0.0221771184785593	0.0184330763113418	0.00271554248439729	0.00346537884563454	0.0126128483185312	0.00883028487355204	0.0107570286417405	0.0776147726941388	0.0166383183076955	0.00792301719187339	0.0180436511523161	0.00269546459231831	0.00501397388580175	0.00097037694926337	0.0015658572511679	0.00311626189570208	0.0120771481879056	0.00594928923558065	0.00416989381854112	0.044383701058132	0.00691584378562462	0.0123757594695639	0.0304514299823385	0.0684994604009945	0.0325199308790402	0.0105854013670398	0.00463316265197064	0.0138692149669669	0.0116099071207563	0.0272055174356669
Ins(2,4):R1	0.00731386454631792	0.00101787890317053	0.00424711400758414	0.000710774088180005	0.00443311272185566	0.010839102550768	0.00884756490648118	0.0118301092103666	0.00131407235839077	4.12883948314237E-05	0.00549151699833982	0.00826311408978283	0.0104513674280713	0.00265221773834081	0.0150662174137452	0.00293281647580792	0.00391939660141805	0.012171447939684	0.00131282563327446	0.00129065565622303	4.9438261732255E-05	4.07618539306588E-129	0.0041141940455441	0.00620513948798898	0.00106721101462108	0.000625862514788898	0.0482912229933736	0.000123217320540229	0.00653128902534032	0.00300623389374426	0.00492902800522585	0.00246153765474777	0.0109748629927893	0.000919102405249759	0.00454057916176374	0.00232198142406396	0.00297872352262267
Ins(5,):R1	0.00425185070504377	0.00353724447250989	0.00540412510730262	0.000369313468329605	0.0018625609095513	0.0121440811549292	0.000143960903403663	0.014536455287727	0.00634260675289519	0.000204673238049994	0.0174705832062543	0.000304970699334746	0.00130066581243641	0.0104535645579891	0.0183870771760874	0.0154169112773081	0.00810500337856176	0.0132725273438894	0.00218587622046296	0.00119051456965337	4.6433600101171E-242	2.77578489859229E-26	0.000398341044941876	0.00229452839580094	0.00067759208302143	0.000237679557006479	0.325529829827847	0.002815386713792	0.00465034753765422	0.00682478038791009	0.0119608019214528	0.00572450465495663	0.0138791233752013	0.0019825163677492	0.00109661039416364	0.00696594427236485	0.00719053228127932
Ins(2,):R(2,4)	0.00943734637052279	0.00218413336327531	0.00971493649643998	0.0016830215779326	0.00751115468341191	0.0084303676059717	0.00642196659798401	0.0211040795622174	0.0047668824455064	0.00304888751267887	0.00495010079964966	0.0133983922182392	0.00893029925201006	0.00036145046656211	0.0206663683263555	0.00662858626920734	0.00509328718911375	0.00557829004168344	0.00238688922391978	0.00304208013927509	0.0012297096202863	0.00234200940299774	0.00869035674548934	0.0146719439647441	0.00314024021888379	0.00179726636954016	0.0229866586639953	0.00584480335839084	0.00990038676798255	0.00659457366567291	0.010243347124561	0.0137600296585116	0.0145641030292227	0.00152670608914615	0.00601781585268462	0.00773993808046572	0.00372599429248176
Ins(2,):R(5,)	0.0469466552092967	0.0110245707853586	0.0171957571161879	0.000182743875062193	0.00460042406741113	0.0115969685375945	0.00814454225991024	0.00657316015817877	0.00531333469928561	0.0225462425729057	0.00215420771849737	0.0171309374949416	0.00741699352119192	0.00272999375350989	0.023266520375956	0.00333027169923663	0.0134203005026359	0.0162908651767209	0.00821118606773669	0.0124404420050929	0.0102512823276687	0.0119806908885117	0.000146510599967071	0.102120375169723	0.00387338117749003	0.0137379058531854	0.0109066383010277	0.0163889805363284	0.0102958635386647	0.006968599832555	0.0151464792881574	0.0141570743079652	0.00183354378764151	0.00180687071560479	0.00153215395590814	0.023219814241547	0.00751017528674917
Del(2,5):M1	0.00510932829751844	0.00155348450049256	0.0100498365351463	0.00261376900783403	0.00257997194664857	0.0613285289894067	0.094869166976162	0.00687672291766515	0.00978691937570019	0.00314317203016027	0.0327348817038912	0.0225146741855399	0.0221945432279634	0.0357069536786813	0.00750073163782843	0.00314979942853003	0.00687121519803443	0.00853316226911668	0.000210383009877177	0.000430197597108163	0.00117819014978461	0.000529030681152645	0.00472511040065089	0.00658901731320353	0.000788650633553867	0.00180264058647056	0.00887132305129773	0.00270290297429729	0.00393006739002159	0.00260046326262789	0.00327771590069996	0.0702441817960082	0.0252179786953046	0.00224466891133521	0.0160490958479136	0.0154798761609974	5.81925415362684E-56
Del(3,5):M2	0.0053579577380414	0.00148208801403812	0.00845908573601396	0.00145492848250071	0.000953262435177509	0.0760281908864287	0.045507089760122	0.00383507660294407	0.0156553204947602	0.00093725466720799	0.0116299857615004	0.00893360401016123	0.0142265339554575	0.0475153673906704	0.0036637105339935	0.000691663336421499	0.00316678619736515	0.00449520865683774	0.00014294321937214	0.000230793927528896	0.000420360531207368	0.000636986608740686	0.0038204260064271	0.00305116804822349	0.000215145571749844	8.9718601213947E-05	0.00635691862409382	0.00509945638084629	0.00597274609185294	0.00151800154524879	0.00147169891715047	0.00714347931271643	0.0116744651468161	0.00226988972378723	0.0125919898530801	0.0100619195046713	0.00200476217647197
Del(4,5):M(3,4)	0.00333427668856808	0.00165978114831569	0.00569724472249049	0.000254031415706274	0.000324150983748693	0.0412548287753697	0.0205386231295195	0.00583747753377701	0.0138966837868178	0.000302400420362319	0.00362914109657493	0.000170070312050149	0.0104774994060542	0.0512771209990781	0.00556300229972773	0.00385989378687585	0.000537348476914741	0.000657593497280317	1.06158954932655E-53	1.15434307439583E-56	2.70160882143018E-141	0.000666989939805462	0.00315387930846835	0.000131881009962211	5.9136692667239E-48	1.18409016204848E-60	0.00234360779477883	0.00335183770741606	0.00173962852768621	0.0018540258588875	0.00245173171193939	0.0073729473992927	0.00720904072199607	0.00168350168350137	0.00639156095064606	0.00851393188855161	0.00268313077775222
Del(6,):M1	0.00195182283499599	0.00200889281723332	0.00840860287071467	0.00239878019912994	0.00169728140311135	0.00338590586504426	0.0431697762770362	0.00832037750865876	0.0799236848176908	5.80614524834761E-05	0.167341435127309	0.00292333188520415	0.0156292103552472	0.00129340956604695	0.00453864367486795	0.00417182598305761	0.00413464501370839	0.0251172281657756	0.00011934872855933	0.000269663883914801	7.97587914963523E-06	1.29611451921966E-239	0.00140740812424908	0.0001128248070366	0.000267303758590499	0.0000650423826112	0.0129077715988975	0.00139482141068335	0.00557716222900594	0.0034938090251993	0.00663055501231074	0.0170085839707039	0.0553079671754747	0.00683630166920271	0.023995087979434	0.00619195046431857	0.000853450735504116
Del(6,):M2	0.00111826870373608	0.00151532906628663	0.00415165085947479	0.00176928995211053	0.00539499902406441	0.00340393848149382	0.0321487966003217	0.00450098405915403	0.171436362141476	9.93959604405504E-06	0.0843112297856587	0.00287386895277291	0.0057836748817967	0.000398689131233107	0.000816316908002212	0.00197015537273999	0.00479584569940083	0.0155717042154055	0.000159261716366328	0.000314011655678513	2.79106791678177E-47	0	0.000206230588485175	0.000164504128065169	0.000300937983345053	2.68489192799053E-66	0.00160748706220838	0.00167810025546459	0.0035073748790116	0.00169198801140569	0.00319244601128055	3.30555095646805E-12	0.0272966887806582	0.00766928544704985	0.0389714740840019	0.0263157894737585	0
Del(6,):M3	0.00061758967676145	0.00109994503573749	0.00136128693288805	0.000826570955537898	0.00237402405468605	0.00290148138918724	0.00861495981157092	0.00185069412100806	0.137109618111812	3.46855339571338E-05	0.0268254730454495	0.00101405374542313	0.00272970777909383	0.00307386510500471	0.000849388552389521	0.000588105088336297	0.00280219526873701	0.0082182219253831	7.37410013617372E-05	0.000102212614374239	1.47898392972928E-06	0	0.000811581341004773	0.000129736301134363	0.000283653846085472	1.32103520540576E-05	0.00141198410109577	0.000122379319556498	0.000666624103278599	0.00141892313900067	0.00226701260147284	3.29525813598494E-08	0.0123630072309436	0.00695474825827532	0.019372681864427	0.0224458204335385	0.000878354890199326
Del(6,):M(4,)	0.00195887779429247	0.00223342824700756	0.00257706540294845	0.000246202621767025	0.0031305392251926	0.00604525224063852	0.000405277138261872	0.00484441966373783	0.161190982265198	8.5222932668104E-06	0.0227868888911871	0.0018996982995941	0.00232002870503412	0.00421104681761443	0.00257100024254495	0.00624920268313136	0.00175014894707694	0.0177910463195167	6.71742729335285E-05	0.000110734406063861	0	3.206E-321	0.000649332724277665	0.000178364806768187	1.418984E-317	6.59005673390465E-151	0.00995844051445382	0.000957503182660882	0.00391666673377142	0.00215631571165748	0.00325761667241922	0.00274665897996978	0.00854751786368974	0.0097551690647504	0.0202320962943081	0.0224458204334944	0.000805382748821505
Complex	0.000249817753695517	0.000100074872063727	0.0026131809157741	0.00136859317441921	0.00205993887590497	0.00195141940163035	2.58037155275152E-24	0.00383682890344653	0.0591504261125225	0.000708706584456624	0.0124874164888665	0.00622438131961585	0.0031906068449306	2.57366148402688E-05	0.0461013153846269	0.000635269839021877	0.0064750003334565	0.00695877345377053	0.000394449209252954	0.00134727667162646	0.000288509102815393	0.000213868008402866	0.000315723236716703	0.0013557337724867	0.00169684123164626	0.000523654452182369	0.000824233670397377	0.0030318703502827	0.000660336957991539	0.00228623299303577	0.00288273928202751	0.00660889339369215	0.00922828791099421	0.00317994762438815	2.39783217094174E-33	0.0108359133127317	0.00504268745838537
