"signature_id","sig89_from_476_v_89_cos","exemplar_89","exemplar_83","exemplar_476","sig89_v_exemplar_cos","best_match_koh","cos_v_koh","sig476_v_exemplar_cos","sig476_v_linking_cos","type83_sig_id","sig83_v_exemplar_cos","sig83_v_linking_cos","best_match_cosmic","cosine_v_cosmic","best_match_jin","cosine_v_jin","sig83_from_476_v_83_cos","is_polyT_removed"
"InsDel1a",0.105505925437253,"CPCT02050439T","SP107784","CPCT02050439T",0.983074166206996,"InD14",0.902299690593054,0.977133137680596,0.977133137680596,"C_ID1",0.9986181437895,0.995814528097991,"ID1",0.984529718633037,"jinID1",0.98492244868108,NA,FALSE
"InsDel1b",0.189396674386453,"SP21400","SP107784","SP16886",0.984963987993242,"InD15",0.979574035881082,0.971399962918933,0.970117178871699,"C_ID1",0.9986181437895,0.984693782178286,"ID1",0.984529718633037,"jinID1",0.98492244868108,NA,FALSE
"InsDel1c",0.123183033356608,"SP112907","SP107784","SP125809",0.967513714201868,"InD14",0.941518994814764,0.90821311843689,0.900924071642789,"C_ID1",0.9986181437895,0.99145828623699,"ID1",0.984529718633037,"jinID1",0.98492244868108,NA,FALSE
"InsDel2a",0.230913326144367,"SP17172","DRUP01080031T","CPCT02011050T",0.971029412189185,"InD2a",0.982386172138281,0.980234172421835,0.972607281712882,"C_ID2",0.999575040979855,0.998590592341524,"ID2",0.979933784983005,"jinID2",0.993151664747608,NA,FALSE
"InsDel2b",0.176697877525974,"SP96118","DRUP01080031T","SP96118",0.964494916609992,NA,NA,0.965908195186572,0.965908195186572,"C_ID2",0.999575040979855,0.98573154785688,"ID2",0.979933784983005,"jinID2",0.993151664747608,NA,FALSE
"InsDel2c",0.152892179346734,"DRUP01330020T","DRUP01080031T","DRUP01330020T",0.974439597175431,NA,NA,0.985468874889204,0.985468874889204,"C_ID2",0.999575040979855,0.990258473181808,"ID2",0.979933784983005,"jinID2",0.993151664747608,NA,FALSE
"InsDel3a",0.435132961751167,"CPCT02050436T","CPCT02020815T","CPCT02040317T",0.973836073710126,NA,NA,0.939627381129929,0.804482923433398,"C_ID3",0.99730031971518,0.847828401852881,"ID3",0.985685429734637,"jinID3",0.940287785333133,NA,FALSE
"InsDel3b",0.26817356613313,"CPCT02080086T","CPCT02020815T","CPCT02020815T",0.995211832210858,"InD3b",0.952660131921794,0.992475622206605,0.983668706984745,"C_ID3",0.99730031971518,0.997112251466011,"ID3",0.985685429734637,"jinID3",0.940287785333133,NA,FALSE
"InsDel4",0.122038573354538,"SP48008","SP23925","SP23925",0.984487609190074,"InD4a",0.982035840349706,0.951369987522172,0.944193811511173,"C_ID4",0.985571289594259,0.97622990469754,NA,NA,NA,NA,NA,FALSE
"InsDel5a",0.372328447297061,"SP97194","SP102755","SP97194",0.990772393970387,"InD29",0.948827781072061,0.971762017147498,0.971762017147498,"C_ID5",0.994799526803795,0.991027892724201,"ID5",0.908667980209571,NA,NA,NA,FALSE
"InsDel5b",0.604961023023837,"SP112290","SP102755","SP112290",0.982577764655484,NA,NA,0.944499434339349,0.944499434339349,"C_ID5",0.994799526803795,0.711038758593801,"ID5",0.908667980209571,NA,NA,NA,FALSE
"InsDel5c",0.50847172080104,"SP8564","SP102755","SP28659",0.93439271726825,NA,NA,0.907751105617293,0.84725225548544,"C_ID5",0.994799526803795,0.542517903266835,"ID5",0.908667980209571,NA,NA,NA,FALSE
"InsDel6",0.0383377349968114,"SP102035","SP67609","SP67609",0.994938158413937,"InD6",0.974493621233503,0.993925182660969,0.991460196151448,"C_ID6",0.995324627330793,0.992535120940806,"ID6",0.957398847892385,"jinID6",0.915585975794971,NA,FALSE
"InsDel7",0.204879217102145,"WIDE01010075T","SP13539","WIDE01010075T",0.996684575925649,"InD7",0.979743627798565,0.995235009006846,0.995235009006846,"C_ID7",0.480808626961846,0.830630962248237,"ID7",0.954696316920533,NA,NA,NA,TRUE
"InsDel8",0.0828291782830152,"CPCT02070336T","CPCT02070336T","CPCT02070336T",0.991418420322135,"InD8",0.981178677269259,0.997890073511085,0.997890073511085,"C_ID8",0.970244651996843,0.970244651996843,"ID8",0.988370367437676,"jinID8",0.968325983966513,NA,FALSE
"InsDel9",0.195469749981317,"SP102617","SP102617","SP116520",0.925869317999378,"InD9b",0.916987691367188,0.844528457168802,0.792128989535242,"C_ID9",0.948672769079141,0.948672769079141,NA,NA,NA,NA,NA,FALSE
"InsDel10",0.236243939371451,"SP109957","SP109957","SP109957",0.845720421013182,NA,NA,0.796363383376025,0.796363383376025,"C_ID10",0.7522978302083,0.7522978302083,NA,NA,"jinID10",0.901574093270865,NA,TRUE
"InsDel11",0.00480077064302536,"SP77956","SP77956","SP77956",0.999995230749492,NA,NA,0.999851336491643,0.999851336491643,"C_ID11",0.998961052298813,0.998961052298813,"ID11",0.967441621418407,"jinID11a",0.997513023161577,NA,FALSE
"InsDel12",0.688998169808152,"SP112947","SP112985","SP112947",0.970118693726864,NA,NA,0.947101463255207,0.947101463255207,"C_ID12",0.957725008345408,0.740722621263675,"ID12",0.928338601315771,"jinID12",0.936826633707367,NA,FALSE
"InsDel13",0.119259357686425,"CPCT02060291T","CPCT02050424T","CPCT02050424T",0.990794528992823,"InD13",0.98860905346636,0.995274202264568,0.981979368768061,"C_ID13",0.991277552763297,0.989949787179752,"ID13",0.958027843028613,"jinID13",0.958027842855097,NA,FALSE
"InsDel14",0.0715644114720511,"CPCT02340014T","CPCT02340014T","CPCT02050104T",0.994521225326852,"InD12",0.983091970341539,0.983947390916094,0.977530389706925,"C_ID14",0.996518621641003,0.996518621641003,"ID14",0.932088000251616,"jinID14",0.95838127103415,NA,FALSE
"InsDel15",0.00205691660403625,"WES::TCGA-EW-A2FV-01A-11D-A17D-09","WES::TCGA-EW-A2FV-01A-11D-A17D-09","WES::TCGA-EW-A2FV-01A-11D-A17D-09",0.997152554293266,NA,NA,0.994716043533508,0.994716043533508,"C_ID15",0.99811613478244,0.99811613478244,"ID15",0.992624380002896,NA,NA,NA,FALSE
"InsDel16",0,"WES::TCGA-13-0889-01A-01W-0420-08","WES::TCGA-13-0889-01A-01W-0420-08","WES::TCGA-13-0889-01A-01W-0420-08",1,NA,NA,1,1,"C_ID16",1,1,"ID16",1,NA,NA,NA,FALSE
"InsDel17",0.0437706575568909,"CPCT02250003T","CPCT02250003T","CPCT02250003T",0.999914468410852,NA,NA,0.999835057913585,0.999835057913585,"C_ID17",0.996899575066974,0.996899575066974,"ID17",0.914053275282466,NA,NA,NA,FALSE
"InsDel18",0.0542186843841994,"CPCT02070053T","CPCT02070053T","CPCT02070053T",0.995835062831407,"InD18",0.995865147469362,0.986804557901822,0.986804557901822,"C_ID18",0.985825843801974,0.985825843801974,"ID18",0.977804138460216,"jinID18",0.908745879538509,NA,FALSE
"InsDel19a",0.44608765910928,"CPCT02010408TII","CPCT02080139T","CPCT02010408T",0.949421224357304,NA,NA,0.875144430541776,0.842103252239385,"C_ID19",0.989493745149078,0.548313458599701,NA,NA,NA,NA,NA,FALSE
"InsDel19b",0.0444517074751198,"CPCT02050192T","CPCT02080139T","CPCT02340081T",0.99220397390673,NA,NA,0.986756133912914,0.969862430870855,"C_ID19",0.989493745149078,0.985557763849835,NA,NA,NA,NA,NA,FALSE
"InsDel23",0.128925000064988,"SP102957","SP102957","SP102957",0.96057484601985,NA,NA,0.926005386424851,0.926005386424851,"C_ID23",0.966402041535507,0.966402041535507,"ID23",0.988648648842376,NA,NA,NA,FALSE
"InsDel_A_alpha",0.166251157140099,"CPCT02120078T","SP2293","CPCT02120078T",0.809677297640414,NA,NA,0.763564608542274,0.763564608542274,"ID_A",0.822699200368759,0.433810499178233,NA,NA,NA,NA,NA,FALSE
"InsDel_A_beta",0.270770245048064,"SP2293","SP2293","SP2293",0.936066840683912,"InD9a",0.965031393233846,0.94202084114112,0.94202084114112,"ID_A",0.822699200368759,0.822699200368759,NA,NA,NA,NA,NA,FALSE
"InsDel_B",0.235181024817703,"CPCT02020413T","SP116578","CPCT02020413T",0.987166551716017,NA,NA,0.971914957765226,0.971914957765226,"ID_B",0.983005770991429,0.965867187929797,NA,NA,NA,NA,NA,FALSE
"InsDel_C",0.0946026044444037,"CPCT02010772T","CPCT02010772T","CPCT02010772T",0.971347929011293,"InD13",0.926779793958944,0.958339841141185,0.958339841141185,"ID_C",0.826745670862101,0.826745670862101,NA,NA,NA,NA,NA,FALSE
"InsDel_D",0.169062783968589,"CPCT02100101T","SP116834","SP102133",0.987890980723224,"InD1",0.925648389418738,0.999743108498999,0.958707590298969,"ID_D",0.43129577199813,0.160797754767737,NA,NA,NA,NA,NA,FALSE
"InsDel_E",0.0433156734250787,"DRUP01340014T","DRUP01340015T","DRUP01340014T",0.977612988537665,NA,NA,0.93710825519113,0.93710825519113,"ID_E",0.898847174806932,0.842869626226947,NA,NA,NA,NA,NA,FALSE
"InsDel_F",0.015560737413195,"DRUP01030028T","SP5559","DRUP01030028T",0.992503948289454,NA,NA,0.989916401342424,0.989916401342424,"ID_F",0.968303600220815,0.959248629031228,NA,NA,"jinID4",0.972597475309932,NA,FALSE
"InsDel_G",0.143185074959632,"DRUP01030015T","SP77956","DRUP01030015T",0.954658409557154,NA,NA,0.89551888167525,0.89551888167525,"ID_G",0.732165023258778,0.656908688833949,NA,NA,"jinID11b",0.946706660165817,NA,FALSE
"InsDel_H",0.0684494991008337,"CPCT02010648T","CPCT02010648T","CPCT02010648T",0.820571179664792,NA,NA,0.691459114338858,0.691459114338858,"ID_H",0.814121696364027,0.814121696364027,NA,NA,NA,NA,NA,FALSE
"InsDel_I",0.243346718402078,"SP107439","SP107439","SP107439",0.999773004244466,NA,NA,0.997679043720839,0.997679043720839,"ID_I",0.967598279828617,0.967598279828617,NA,NA,"jinID25",0.932320882916882,NA,FALSE
"InsDel_J",0.100106910102104,"SP112959","SP112959","SP112959",0.717737931523417,NA,NA,0.740483108756291,0.740483108756291,"ID_J",0.734845765076471,0.734845765076471,NA,NA,NA,NA,NA,TRUE
"InsDel_K",0.167185256506337,"SP17905","SP112257","SP17905",0.857208955241132,"InD20",0.910682892985077,0.857836027319621,0.857836027319621,"ID_K",0.567227495964193,0.270321860444124,NA,NA,"jinID26",0.981466622789426,NA,FALSE
"InsDel_L",0.0892773284903142,"CPCT02450014T","SP70106","CPCT02450014T",0.965794892166284,NA,NA,0.940623718769858,0.940623718769858,"ID_L",0.586961074990721,0.275022162781089,NA,NA,NA,NA,NA,FALSE
"InsDel_M",0.100473648377218,"SP112777","SP102617","SP112777",0.999915018165147,NA,NA,0.994583527577986,0.994583527577986,"ID_M",0.719554192924329,0.718656820345904,NA,NA,NA,NA,NA,FALSE
"InsDel_N_alpha",0.310351410778044,"SP93227","SP111038","SP90209",0.984044585119663,"InD16b",0.922936621639724,0.952243640465706,0.94971705179141,"ID_N",0.999111403680095,0.953962159343098,NA,NA,NA,NA,NA,FALSE
"InsDel_N_beta",0.471119433601521,"SP111038","SP111038","SP111038",0.984978168725015,"InD21",0.904679325010897,0.967306964657898,0.967306964657898,"ID_N",0.999111403680095,0.999111403680095,NA,NA,NA,NA,NA,FALSE
