"InsDel1a_converted"	"InsDel1b_converted"	"InsDel1c_converted"	"InsDel_P_converted"	"InsDel1d_converted"	"InsDel2a_converted"	"InsDel2b_converted"	"InsDel2c_converted"	"InsDel3a_converted"	"InsDel3b_converted"	"InsDel4a_converted"	"InsDel4b_converted"	"InsDel5a_converted"	"InsDel5b_converted"	"InsDel6_converted"	"InsDel7_converted"	"InsDel8_converted"	"InsDel9_converted"	"InsDel10_converted"	"InsDel11_converted"	"InsDel12_converted"	"InsDel13_converted"	"InsDel14_converted"	"InsDel15_converted"	"InsDel16_converted"	"InsDel17_converted"	"InsDel18_converted"	"InsDel19a_converted"	"InsDel19b_converted"	"InsDel19c_converted"	"InsDel23_converted"	"InsDel_A_alpha_converted"	"InsDel_A_beta_converted"	"InsDel_B_converted"	"InsDel_C_converted"	"InsDel_D_converted"	"InsDel_E_converted"	"InsDel_F_converted"	"InsDel_G_converted"	"InsDel_H_converted"	"InsDel_I_converted"	"InsDel_J_converted"	"InsDel_K_alpha_converted"	"InsDel_K_beta_converted"	"InsDel_M_converted"	"InsDel_N_converted"	"InsDel_O_converted"
"[Del(C):R1]A"	0.004399276	0.002683791	0.000558695	0.003735616	0.003016539	0.003554806	0.002247518	0.001282791	0.043606961	0.067091677	0.01133749	0.027319254	0.022630849	0.035444828	0.007587247	0.000720927	0.008092126	0.046429634	0.004754004	0.001259596	0.014065574	0.017487815	0.00473027	0.009461127	0	0.005439557	0.001553821	0.01373372	0.007982769	0.005648916	0.015669568	0.124586626	0.203107738	0.026803363	0.002905387	0.004597018	0.009408593	0.002023376	0.01503582	0.00327667	0.079557716	0.001116262	0.018874441	0.003729482	0.121774674	0.000569137	0.001414235
"[Del(C):R1]T"	0.005121124	0.00956926	0.001136065	0.012981805	0.00743409	0.004078506	0.001078646	0.001390085	0.034632405	0.037332957	0.004856897	0.047697615	0.028293229	0.021227125	0.021334286	0.000594303	0.021691045	0.134218432	0.010205002	0.000341836	0.003985745	0.027810574	0.007895893	0.007267243	0	0.004082114	0.003003569	0.017085376	0.007761956	0.027500722	0.008015308	0.19398318	0.166644309	0.024531481	0.012066945	0.009734887	0.011903486	0.001800102	0.0371188	0.004423337	0.074138287	0.000921847	0.008273521	0.0206239	0.016840862	0.000594528	0.001988965
"[Del(C):R2]A"	0.002218184	0.008896904	0.000552529	0.00219933	0.004115642	0.000851327	0.000924502	0.00043028	0.070540591	0.095764181	0.004451214	0.014254457	0.016676913	0.05572191	0.003815928	0.000269168	0.004361444	0.020438495	0.003905266	8.23e-07	0.010230723	0.008443147	0.003245519	0.04881393	0	0.002962048	0.001270181	0.009095131	0.005130619	0.004470277	0.064952884	0.062213785	0.030577758	0.019542956	0.002196174	0.002668534	0.004119088	0.001432115	0.016576749	0.005618696	2.42e-05	0.000286427	0.012312682	0.012243756	0.008215577	0.0001233	0.000567435
"[Del(C):R2]T"	0.002926705	0.002418661	0.000472313	0.004650953	0.003069745	0.001443591	0.000621143	0.000477238	0.03636858	0.055968607	0.007259391	0.023304018	0.02364879	0.026293886	0.007441483	0.000294315	0.00884811	0.052356562	0.004132338	0.00053608	0.006331616	0.015833616	0.004804421	0.040998218	0	0.002304939	0.001983947	0.009871164	0.005835974	0.024251967	0.039101708	0.067444057	0.037756646	0.022479374	0.000876492	0.003612853	0.004071185	0.001219804	0.016276776	0.004738556	4.85e-05	0.000233447	0.001876934	0.004879015	0.006740513	9.92e-05	0.000536024
"[Del(C):R3]A"	0.001508677	0.002384433	0.000552895	0.001433999	0.0001222	0.00087449	0.001374426	0.000749493	0.059856635	0.096517741	0.001970405	0.007067716	0.013297938	0.034801971	0.00534809	0.000592896	0.002284014	0.012618491	0.007546479	0.000364317	0.004707329	0.004272101	0.001844048	0.062937063	0	0.001034326	0.001326646	0.005162873	0.002549505	0.003864726	0.030978084	0.023330966	0.009626124	0.012876286	0.001340248	0.001199102	0.003986401	0.000725266	0.01252387	0.003867461	0.003382573	0.000318266	0.007943181	0.004516768	0.004932562	8.291e-05	0.0002036
"[Del(C):R3]T"	0.00119672	0.001541877	0.000422222	0.00122779	0.004907473	0.000441845	0.000894383	0.000357557	0.025058388	0.04029106	0.002857727	0.007743998	0.015951114	0.015266833	0.002759017	0.000425658	0.001664329	0.013127332	0.001818968	8.22e-07	0.003128809	0.005872297	0.001597841	0.051556287	0	0.00214084	0.000980719	0.004247315	0.002252821	0.001609843	0.014730837	0.018028875	0.010067626	0.011218206	0.001586614	0.001234375	0.001808641	0.000721056	0.005849404	0.003253004	6.05e-05	0.000333998	0.001636686	0.002308959	0.002486826	0.0001381	0.000326277
"[Del(C):R(4,5)]A"	0.001576286	0.002630046	0.002193673	0.003817041	0.006023559	0.001296236	0.014996532	0.008877362	0.058990475	0.052418977	0.003057402	0.006613365	0.009592832	0.027711527	0.003668012	0.007151458	0.00269268	0.01452928	0.004856627	1.5077e-06	0.006040236	0.005164919	0.005274284	0.106129165	0	0.000676557	0.001379456	0.005588284	0.002232644	0.003634762	0.018305233	0.010286783	0.012647541	0.008494448	0.000213	0.001538815	0.002245477	0.00188825	0.01163062	0.009988558	2.42e-05	0.004229586	0.015240683	0.005040199	0.003890998	0.001945301	0.000580329
"[Del(C):R(4,5)]T"	0.001735717	0.001094498	0.000953301	0.00164647	0.003784025	0.000719808	0.012028839	0.003586731	0.030960427	0.026893426	0.001110096	0.004925658	0.009965712	0.015409034	0.002185891	0.007010603	0.002766498	0.010562201	0.004195227	1.965e-06	0.003798635	0.004228882	0.003692258	0.066913478	0	0.001130849	0.001384619	0.00369944	0.001847401	0.002583609	0.023179405	0.006621639	0.004226979	0.006834259	0.0002326	0.000865921	0.003352207	0.002307223	0.008157012	0.004571432	3.63e-05	0.003950308	0.007447655	0.003074794	0.001224959	0.002001374	0.000360448
"[Del(C):R(1,5)]G"	0.001711322	0.001321767	0.000778765	0.001273145	0.004892585	0.0006047	0.00498378	0.002733753	0.040808202	0.050649327	0.004091864	0.013268592	0.009308958	0.0208976	0.002579377	0.002393911	0.004714405	0.012734168	0.005810657	0.0001859291	0.012204943	0.008692046	0.003311523	0.074043604	0	0.002304928	0.001519945	0.009419195	0.003801556	0.006692187	0.018594075	0.013883352	0.014828446	0.009604952	0.002095681	0.000888973	0.005374367	0.002065366	0.008817622	0.016656816	0.00029084	0.001609623	0.001891933	0.002368322	0.00515233	0.00062353	0.0004225
"Del(C):R(6,9)"	0.003982741	0.002006918	0.004650517	0.005235017	0.005652548	0.00725042	0.040733971	0.021084109	0.020008766	0.019420228	0.011955023	0.004154146	0.001705737	0.008157877	0.001679372	0.037148858	0.002651104	0.007321308	0.008326117	0.000370167	0.015528706	0.001511267	0.008183104	0.018099548	0	0.000398848	0.004078029	0.00590188	0.003243691	0.006390144	0.0082319	0.006565404	0.013706731	0.00272611	0.00875247	0.002979633	0.006259746	0.00377808	0.009855852	0.008190334	0.000266512	0.025612053	0.011606832	0.003438138	0.005696508	0.01833167	0.005908256
"A[Del(T):R(1,4)]A"	0.011462589	0.020943962	0.002934792	0.009309782	0.009873501	0.005747029	0.005650108	0.002413026	0.029372985	0.017446402	0.006460129	0.027913724	0.060594114	0.030475315	0.008527981	0.003946125	0.007112812	0.042371236	0.015771569	0.000711545	0.012302845	0.245259885	0.017010807	0.015357192	0	0.007980101	0.271036334	0.01683381	0.010006594	0.017147467	0.125717587	0.005079056	0.009569009	0.028191736	0.258095092	0.013103052	0.008426938	0.004674866	0.005426319	0.01315964	0.061480826	0.002456025	0.044866212	0.076680099	0.030190281	0.00151827	0.002045969
"A[Del(T):R(1,4)]C"	0.005158071	0.017985803	0.002138778	0.003771455	0.00276998	0.001679614	0.005613901	0.001835502	0.01558196	0.003193422	0.003140861	0.015574677	0.047682795	0.023531552	0.004001828	0.001358276	0.002935478	0.01904437	0.007617104	0.000359976	0.007400138	0.008595001	0.004519167	0.042232278	0	0.003736536	0.174315638	0.005703461	0.002663959	0.004220017	0.009676139	0.003396455	0.004417968	0.022097681	0.001725662	0.005315964	0.00354918	0.001362188	0.007042134	0.009777803	0.014633561	0.000755648	0.012943316	0.057573736	0.007103175	0.000378936	0.000517498
"A[Del(T):R(1,4)]G"	0.003811806	0.007221382	0.000761409	0.003464641	0.005241301	0.001080222	0.005328823	0.00162925	0.013528216	0.011309474	0.004085857	0.015279658	0.043031445	0.020649458	0.004670713	0.00152129	0.003048776	0.024549056	0.00596166	0.000180948	0.008930989	0.009315224	0.004581257	0.039215686	0	0.00174811	0.09071109	0.006392256	0.004345025	0.003514083	0.032133445	0.002938208	0.005769324	0.021826576	0.006029588	0.00324347	0.003237629	0.00201458	0.001946244	0.006514115	0.033025764	0.000786585	0.007808043	0.035557317	0.006817929	0.000569718	0.000415272
"C[Del(T):R(1,4)]A"	0.002667832	0.001105546	0.000986264	0.004342164	0.003905184	0.001579946	0.004619617	0.001366289	0.028865445	0.024798481	0.003107108	0.015715966	0.02795224	0.022730643	0.005399998	0.001625263	0.007776026	0.03385697	0.009041818	0.000536263	0.011981333	0.057215262	0.010071174	0.019059373	0	0.00512595	0.003212805	0.009196856	0.004924939	0.004666974	0.074051341	0.005911968	0.006192579	0.019762736	0.066262344	0.007200311	0.005136516	0.001404264	0.008368172	0.007357184	0.028830882	0.001071275	0.041773027	0.009197011	0.006954895	0.000657697	0.000489853
"C[Del(T):R(1,4)]C"	0.001651204	0.001698183	0.001393947	0.0037939	0.003502324	0.002154601	0.007707744	0.002560325	0.017696569	0.012893821	0.004276542	0.015409625	0.031380112	0.019656346	0.003704492	0.00194709	0.007990503	0.026992026	0.003549492	0.000179576	0.009040013	0.007851899	0.006921828	0.059097765	0	0.002542536	0.003292996	0.011085413	0.006512286	0.006973447	0.005885115	0.009284522	0.007103749	0.022876285	0.011237579	0.004767291	0.008596918	0.002034375	0.006667126	0.006269615	0.013966853	0.001393062	0.02109673	0.007712852	0.015708808	0.000892143	0.000505412
"C[Del(T):R(1,4)]G"	0.001250708	0.000605973	0.001013984	0.004197646	0.007973002	0.001075456	0.004486653	0.001256801	0.022599408	0.025247637	0.003495068	0.017528764	0.029218099	0.024970752	0.005072323	0.001502178	0.007555309	0.03680056	0.00537142	0.000540146	0.009461423	0.006752219	0.009074364	0.062251475	0	0.003490951	0.002034631	0.00808554	0.005431685	0.003930039	0.024804131	0.009528858	0.005655626	0.022821952	0.002412524	0.002620589	0.00530784	0.001504904	0.005996369	0.004701673	0.003188565	0.000950244	0.013408812	0.003609824	0.003416408	0.000582381	0.000359463
"G[Del(T):R(1,4)]A"	0.00198183	0.003262034	0.001055064	0.004507869	0.002515917	0.002670709	0.004167421	0.004701466	0.010647285	0.007490811	0.002641123	0.011115384	0.020247156	0.013204188	0.004581629	0.001396684	0.003713275	0.024173081	0.009273871	0.00018177	0.009614124	0.116169974	0.021978539	0.017139724	0	0.004094513	0.004314632	0.005066485	0.003121604	0.002737975	0.075062281	0.003133911	0.00461024	0.014327469	0.077650205	0.00474253	0.003095303	0.001133617	0.003851704	0.008344835	0.010778192	0.00086591	0.024009729	0.015796739	0.011842794	0.000486204	0.000313745
"G[Del(T):R(1,4)]C"	0.00091994	0.003228986	0.000675412	0.003184708	0.004135796	0.001714693	0.003721718	0.004987624	0.008198607	0.003260128	0.001504525	0.00969398	0.02199809	0.010252671	0.003952533	0.001223896	0.005047283	0.01799183	0.005020421	1.005e-06	0.010006924	0.006236913	0.017499237	0.041409571	0	0.00088032	0.002419779	0.00337875	0.001985116	0.002757687	0.00498249	0.002975758	0.004301893	0.014606244	0.00738959	0.002327234	0.002188519	0.000972207	0.006300423	0.005815251	0.014621553	0.000786621	0.009099357	0.008399429	0.002371881	0.000346957	0.0002586
"G[Del(T):R(1,4)]G"	0.001403876	0.001434174	0.000827914	0.003982539	0.007377791	0.001903395	0.0037764	0.004033142	0.011787088	0.00981025	0.00179132	0.011583832	0.019615639	0.011745051	0.005146312	0.001242071	0.005798391	0.027459568	0.003809671	0.000181131	0.004931413	0.006636293	0.012336297	0.048676814	0	0.001994343	0.002520145	0.006427178	0.003493906	0.003058215	0.026428855	0.003950913	0.003533544	0.015792088	0.006187621	0.0030069	0.002469094	0.00088696	0.003847098	0.007235848	0.003382549	0.001053551	0.008138368	0.006397035	0.007525388	0.000498463	0.000389686
"A[Del(T):R(5,7)]A"	0.006869626	0.035441874	0.015842374	0.044840751	0.003241846	0.027032473	0.117409012	0.015705755	0.012278179	0.003320496	0.005245208	0.012576987	0.0158695	0.009431381	0.005196127	0.051989747	0.002934952	0.024932847	0.009304556	0.001969223	0.006175018	0.021362686	0.013650846	0.010695187	0	0.000995201	0.045912046	0.001826481	0.001709164	0.002206927	0.00303282	0.003619001	0.003202472	0.005386658	0.031448801	0.010225091	0.002703136	0.003799299	0.002403831	0.007053821	0.003127969	0.026666645	0.097690622	0.149035954	0.002895342	0.025209724	0.003499876
"A[Del(T):R(5,7)]C"	0.00467181	0.026368013	0.01185453	0.032452335	0.000700418	0.015786381	0.051078928	0.023090389	0.005122699	0.001780246	0.003708488	0.009785261	0.009883493	0.006083703	0.002781078	0.01863104	0.002281457	0.014303021	0.005711652	0.001257083	0.003542284	0.003474672	0.012674528	0.023310024	0	0.000413177	0.037385633	0.001447945	0.000977792	0.003328368	0.00223851	0.003437474	0.006171512	0.003459622	0.015355212	0.005195885	0.001434238	0.001712575	0.003137787	0.004145563	0.003370425	0.011303088	0.046547944	0.062936953	0.000576448	0.009931084	0.001610971
"A[Del(T):R(5,7)]G"	0.005080002	0.013858922	0.003648855	0.023486924	0.001471123	0.014096938	0.077366423	0.008636953	0.005847955	0.003247558	0.000907888	0.00667442	0.011293114	0.005767407	0.003982061	0.034476773	0.001790376	0.018830275	0.009195112	0.001091947	0.002227578	0.002403257	0.008365129	0.018510901	0	0.000423724	0.053937213	0.003085116	0.002075154	0.001312174	0.004585334	0.002583562	0.00261273	0.003632657	0.018522446	0.005047279	0.002304065	0.001992443	0.003660404	0.004323231	0.013894061	0.01881251	0.026997808	0.062648498	0.007867208	0.019247527	0.001154644
"C[Del(T):R(5,7)]A"	0.003483146	0.026037361	0.003069414	0.016167398	0.004698114	0.010827885	0.066402318	0.009999838	0.012239708	0.005165913	0.00253757	0.00631384	0.005748609	0.006513613	0.001621228	0.028980741	0.002133502	0.014142307	0.005492168	0.001080843	0.002056629	0.007809661	0.00841816	0.011517894	0	0.000435659	0.001596662	0.001832724	0.001257845	0.001224575	0.002057985	0.001276154	0.002799666	0.002068726	0.016721199	0.006644321	0.003131773	0.001267752	0.005785309	0.003971034	1.21e-05	0.015694112	0.06735938	0.021891255	0.003896385	0.015075952	0.001684729
"C[Del(T):R(5,7)]C"	0.001301648	0.009044958	0.005043372	0.017118256	0.0001127	0.010056446	0.04946526	0.03481127	0.009539346	0.004125627	0.005875074	0.006170555	0.006303707	0.007219824	0.001238546	0.019922794	0.001737672	0.013315422	0.002543379	0.0003535787	0.006164468	0.00220478	0.007069994	0.033456739	0	2.241e-05	0.002128727	0.00167555	0.000491845	0.002841813	0.00202188	0.002494174	0.002707139	0.002517339	0.016939272	0.001951964	0.001219266	0.00175139	0.002944617	0.005513201	2.42e-05	0.013691588	0.044565903	0.01321027	0.002325444	0.01210601	0.00106849
"C[Del(T):R(5,7)]G"	0.001134118	0.003347674	0.001411857	0.013986424	0.002709357	0.008298847	0.059477552	0.006681339	0.006610436	0.00470746	0.001490968	0.005010684	0.005470439	0.005257143	0.001850872	0.028391085	0.002105035	0.014089268	0.002886813	9.137e-07	0.003127669	0.001157339	0.006159041	0.021390374	0	0.000483718	0.000794092	0.001145357	0.000775678	0.001535805	0.002996715	0.000990273	0.001384204	0.001989094	0.009203699	0.002044833	0.001360262	0.000885207	0.003126445	0.004895087	0.003588733	0.014912313	0.021351992	0.015952642	0.001083222	0.015938391	0.000544534
"G[Del(T):R(5,7)]A"	0.001119501	0.005374498	0.002045294	0.009610158	0.003667084	0.00648479	0.042403183	0.019175696	0.005431143	0.001378819	0.002297386	0.004944583	0.004938177	0.005297246	0.001809015	0.018189091	0.001969181	0.014398212	0.004878857	0.000542751	0.002844035	0.005524281	0.003591038	0.007130125	0	0.000223735	0.0023068	0.001517956	0.00094176	0.001704838	0.00119146	0.00169361	0.002493817	0.002506575	0.003495165	0.003229742	0.001065481	0.002340044	0.002259902	0.00324452	1.21e-05	0.011622078	0.0312622	0.017591572	0.001867502	0.008471739	0.001136002
"G[Del(T):R(5,7)]C"	0.001744839	0.004208884	0.003125269	0.010272017	0.001115059	0.006595423	0.030571002	0.021351494	0.00609344	0.001170352	0.002379027	0.003995893	0.004277393	0.004814732	0.001623239	0.012152296	0.000780347	0.009786799	0.005124992	0.000363723	0.003888556	0.001625537	0.004127671	0.02166461	0	0.000232349	0.001169867	0.001866758	0.000600779	0.002274167	0.001263665	0.001306352	0.002967279	0.001656079	0.013447532	0.001246703	0.001801327	0.000625272	0.002141084	0.004050098	1.21e-05	0.007722732	0.027493318	0.009843761	0.000387645	0.006471784	0.001318213
"G[Del(T):R(5,7)]G"	0.000882328	0.002763283	0.001667804	0.00928171	0.000102	0.005936234	0.031696712	0.011568891	0.00544428	0.002179655	0.00191088	0.005265618	0.004504235	0.004299641	0.002342988	0.015895417	0.00189353	0.01727687	0.004623232	0.000723883	0.005011827	0.00151938	0.003982752	0.019470725	0	0.0008611	0.001340569	0.002006993	0.001038959	0.002919892	0.00155251	0.001327728	0.003447941	0.00152873	0.004949565	0.001981534	0.001181562	0.001462326	0.001812836	0.004583477	2.42e-05	0.009102361	0.01450494	0.009311128	0.001726963	0.008222857	0.000978067
"A[Del(T):R(8,)]A"	0.005928259	0.025308653	0.014658201	0.063359268	8.61e-05	0.100867019	0.002175842	0.053253417	0.005017788	0.000547979	0.007979327	0.006487352	0.000365471	0.000584257	0.001077703	0.08113485	0.001476144	0.00501764	0.004560551	0.001045978	0.001722475	0.003043396	0.00540058	0	0	0.000832566	0.007568584	0.005218674	0.002281371	0.007214102	0.000252735	0.00504867	0.002557206	0.000424309	0.002666669	0.013729389	0.002560198	0.000969109	0.005434937	0.004877888	0.002885465	0.085648012	1.5e-05	0.006847933	0.001073695	0.094163406	0.022738988
"A[Del(T):R(8,)]C"	0.009438955	0.011729908	0.011910031	0.046875664	0.001715583	0.090788215	0.001578976	0.088931976	0.002015896	0.00037707	0.005092613	0.007873273	0.000620243	0.000627456	0.001254084	0.042947841	0.000694424	0.006156388	0.003901818	0.001420714	0.001062913	0.001439635	0.007979227	0	0	0.00098673	0.004733915	0.005792508	0.002434877	0.004467719	0.002852295	0.005951101	0.004414377	0.000605407	0.003569009	0.011690591	0.002661365	0.000839177	0.008277158	0.002373332	0.003043125	0.062119242	0.000915943	0.009334633	0.003596846	0.071125332	0.015349892
"A[Del(T):R(8,)]G"	0.003616178	0.002911685	0.005306275	0.023861265	6.59e-05	0.049637065	0.00199276	0.028646141	0.000665225	0.000223564	0.001295051	0.002302747	0.000495616	0.000371188	0.001038049	0.049122946	0.001051304	0.00175465	0.002457347	0.000722968	0.001408378	0.000326769	0.003928832	0	0	0.000406779	0.002770032	0.002899615	0.001350678	0.002041896	0.001119255	0.002562639	0.001945851	0.000382147	0.004176866	0.00541619	0.002440596	0.000507562	0.003649484	0.002588259	0	0.057401945	0	0.007853543	0.088563995	0.063514174	0.00961164
"C[Del(T):R(8,)]A"	0.004703915	0.012195293	0.007899586	0.028243426	0.00312606	0.055856073	0.002772529	0.034082997	0.000798608	0.000445361	0.004611146	0.002655513	0.000304558	0.00050668	0.000506864	0.065468346	0.000473406	0.001249403	0.001282372	0.000536766	0.001264755	0.000913245	0.005320385	0	0	0.001037004	0.002462555	0.003370488	0.002395782	0.004167141	0.000830415	0.003179528	0.003167315	0.000479541	0.000862861	0.011851826	0.003402809	0.000864795	0.001001841	0.003219822	3.63e-05	0.059168594	6e-05	0.002720437	0.005984223	0.063685923	0.011706557
"C[Del(T):R(8,)]C"	0.003580411	0.002932184	0.008952624	0.033520912	0.001811183	0.080413851	0.002985819	0.15017076	0.002212753	0.00072352	0.004618687	0.003317148	0.000414834	0.000686016	0.000234677	0.059848766	0.000585911	0.002591129	0.002478833	0.000700213	0.001133109	0.000541924	0.005397348	0	0	0.000198635	0.001422344	0.002202377	0.00144871	0.00322154	0.00187746	0.002607652	0.00457368	0.000449582	0.001565095	0.007741972	0.001121171	0.001215184	0.004716838	0.002601615	0	0.076586198	0	0.002141634	0.01902279	0.08156838	0.008366958
"C[Del(T):R(8,)]G"	0.001308441	0.00089872	0.003019688	0.023189984	4.35e-05	0.040443411	0.009586669	0.030802636	0.000949248	0.00026065	0.000955044	0.000951655	0.000283202	0.000366627	0.000405009	0.073678108	0.000655589	0.000565165	0.001395263	0.00017551	0.001255725	0.000189063	0.002871405	0	0	0.000618421	0.000833207	0.002563499	0.002175154	0.001371099	0.00119146	0.001067671	0.001636753	0.000319972	6.44e-05	0.002926237	0.004082828	0.000864211	0.001250751	0.001315524	0.003515961	0.067441967	0	0.002661228	0.171922091	0.074603319	0.001013596
"G[Del(T):R(8,)]A"	0.001460448	0.00643531	0.001587924	0.013068734	0.002884776	0.048865594	0.004688351	0.057559447	0.001226941	0.000226712	0.002824348	0.002113077	0.000138421	0.000287235	0.000205393	0.032843728	0.000177083	0.001596025	0.001646453	0.001080934	0.000655475	0.000535935	0.001474764	0	0	0.000215909	0.001499821	0.001609653	0.000864895	0.003858053	0.001047045	0.001697757	0.001566437	0.0001766	0.001008842	0.005458286	0.000890824	0.000681385	0.001759118	0.001144885	4.85e-05	0.046479916	0	0.001213421	0.003860059	0.049719444	0.012938759
"G[Del(T):R(8,)]C"	0.00170476	0.001578162	0.002304657	0.012648978	0.002341656	0.054448105	0.004317261	0.078775071	0.001134293	0.000323687	0.002419565	0.001312729	0.000115	0.000305171	0.00027159	0.022169665	0.000400337	0.000851724	0.001822232	0.000532699	0.000922237	0.000204546	0.002392742	0	0	1.916e-05	0.000781328	0.002514001	0.00126979	0.004750071	3.61e-05	0.001075777	0.001308862	0.000282764	0.001806383	0.004264598	0.000959501	0.000932263	0.004027176	0.002725248	0.003576557	0.040639076	3e-05	0.001712771	0.001944906	0.045708603	0.013529528
"G[Del(T):R(8,)]G"	0.001271519	0.000401244	0.000749181	0.008169901	6.7e-05	0.029011936	0.001308969	0.03171231	0.000620529	0.0001126	0.001151837	0.000879509	0.000168967	0.000223029	0.000138575	0.024989773	0.000189155	0.000508831	0.000898302	0.000355498	0.000546546	0.000187419	0.002209061	0	0	0.000202622	0.000820161	0.001374977	0.000909896	0.001136913	0.000180525	0.001071668	0.001745696	0.000238402	0.006446024	0.00256768	0.001453046	0.000384638	0.001244838	0.002074515	2.42e-05	0.034850753	3e-05	0.001453365	0.025856201	0.03744434	0.006474801
"A[Ins(C):R0]A"	0.002196732	0.043062941	0.000203589	0.003156565	0.003392854	0.003206393	0.00017267	0.001357527	0.000744709	0.000686927	0.000114694	0.002986293	0.000582791	0.00126539	0.001451313	0.000173866	0.001598657	0.001397895	0.003930943	0.000178023	0.000616646	0.004989815	0.20937427	0	0.025806452	1.03e-05	0.003226198	0.001333679	0.000806278	0.001392408	0.000830415	0.001158303	0.000450788	0.000517281	0.008558067	0.276730224	0.00297172	0.000598706	0.001734079	0.002160233	0.041051879	0.000241154	0.000735758	0.00089497	0.005210663	5.79e-05	0.000838299
"A[Ins(C):R0]T"	0.000216174	0.001444405	6.99e-05	0.000181234	2.87e-05	0.001010407	9.39e-05	0.000123761	0.001028057	0.001380031	5.5e-05	0.000910582	0.000141791	0.000678488	0.000617568	1.17e-05	0.00021762	0.000563108	0.00086969	9.14e-08	0.000430773	0.000697448	0.137244428	0	0.032258065	8.36e-06	0.00191888	0.001150648	0.001035439	0.002054662	0.00079431	0.000506918	0.000732629	8.44e-05	0.001440654	0.188331244	0.000230583	0.000206222	0.000526407	0.000775864	0.029825051	2.23e-05	1.5e-05	0.002001794	5.54e-05	4.24e-06	6.73e-05
"Ins(C):R(0,3)"	0.004887243	0.0072098648	0.003643843	0.006286914	0.009778154	0.003263486	0.002989935	0.003028863	0.016451834	0.020933375	0.005817369	0.010844173	0.017092651	0.013523327	0.003627614	0.001945435	0.007564686	0.013675954	0.023686459	0.3810352524	0.015221397	0.016401892	0.051487831	0	0.505990787	0.046890149	0.005583991	0.023434448	0.015019094	0.027286177	0.01733036	0.006470345	0.011615804	0.011957437	0.033776085	0.058101705	0.283629433	0.004399007	0.023216439	0.029738952	0.070840201	0.000282027	0.001981856	0.007229279	0.016173996	0.000259985	0.003052707
"Ins(C):R(4,6)"	0.004047686	0.00331893	0.017980148	0.006979064	0.002535353	0.002371564	0.022766858	0.009997497	0.008345305	0.012306161	0.002323582	0.003493936	0.00196819	0.005694571	0.00070838	0.007540733	0.001775868	0.002033785	0.010325019	0.0190252325	0.009420225	0.001796278	0.006177665	0	0.004608295	0.00942333	0.002686351	0.007438791	0.005650704	0.005883398	0.00346606	0.003977368	0.007194608	0.001915615	0.01186773	0.001741909	0.037975247	0.002038385	0.009605148	0.013413557	0.000460488	0.00326658	0.000165	0.006018875	0.00492078	0.00143997	0.005746801
"Ins(C):R(7,)"	0.009677626	0.0006206291	0.015277164	0.008353521	0.002432053	0.00528852	0.006818602	0.008850247	0.003122139	0.000606544	0.001272399	0.002555934	0.000467678	0.001934799	0.00043461	0.00789935	0.000845614	0.000951758	0.008611273	5.8947e-06	0.008671851	0.00081358	0.007046477	0	0	0.00037931	0.002223788	0.004830128	0.002747501	0.004476045	0.002888385	0.003928354	0.006222865	0.001378482	0.004726466	0.001354864	0.01239704	0.00198449	0.006179587	0.007506453	0.000339216	0.0038922586	0.001005974	0.001276293	0.004298295	0.002630775	0.021038472
"A[Ins(T):R(0,4)]A"	0.010608705	0.010633121	0.006221974	0.008150903	0.00562284	0.003942736	0.003358849	0.001408769	0.006782422	0.00467142	0.00389607	0.010240723	0.028028031	0.017557271	0.00202924	0.001467582	0.003817845	0.00590232	0.011696626	0.069176749	0.010161194	0.025235062	0.033970696	0	0.023963134	0.027572969	0.008534691	0.016165471	0.009144685	0.018158585	0.008087519	0.003339302	0.00458789	0.004732142	0.080187233	0.047833829	0.008089952	0.001977953	0.006280422	0.009989918	0.081036796	0.000857179	0.003828897	0.018423493	0.001103447	0.000821527	0.004944446
"A[Ins(T):R(0,4)]C"	0.002383471	0.003119056	0.005765425	0.002815301	0.0001828	0.00058858	0.003431871	0.000889454	0.00269076	0.002746112	0.001156373	0.003112999	0.012581609	0.007802372	0.001508352	0.000776468	0.00084248	0.002586802	0.00616621	0.072123773	0.005329298	0.008321257	0.002834514	0	0.038709678	0.002035411	0.004805899	0.003494771	0.002360314	0.011426538	0.00621006	0.003955966	0.008947888	0.001731235	0.003809373	0.004766582	0.009042536	0.001424337	0.006762996	0.004171947	0.025593772	0.000206785	0.004759903	0.006922179	0.004831922	0.00012484	0.000697005
"A[Ins(T):R(0,4)]G"	0.003230093	0.008629165	0.010725048	0.005276064	0.007947498	0.000762997	0.006024987	0.002314512	0.007618496	0.044848543	0.0012047	0.003933776	0.018827892	0.015268037	0.001998907	0.001915675	0.002604237	0.003069781	0.005303244	0.0816445914	0.008531013	0.005109955	0.004324913	0	0.023963134	0.007045364	0.002430035	0.004004698	0.001964971	0.006488615	0.007184894	0.002748877	0.003679082	0.003063768	0.001705968	0.005860417	0.018379704	0.00169463	0.008882342	0.007324096	0.037075158	0.000519219	0.003318387	0.021547541	0.002325387	0.0002309	0.001289753
"C[Ins(T):R(0,4)]A"	0.001749389	0.017753712	0.002523346	0.00163347	0.00319838	0.000560375	0.002385988	0.000710918	0.003488165	0.005558061	0.001679683	0.004381499	0.012131846	0.006895167	0.000765944	0.000825109	0.002538952	0.002697289	0.010425716	0.032409281	0.00621228	0.005007618	0.002553475	0	0.052534562	0.01992029	0.001493334	0.006343114	0.003579619	0.009363479	0.011589703	0.003612139	0.005051519	0.003703018	0.009737759	0.001950084	0.003684964	0.00303605	0.005179352	0.006244027	0.018610298	0.000183439	0.001636655	0.018747488	0.001073717	0.00010493	0.000614213
"C[Ins(T):R(0,4)]C"	0.003326486	0.0156863	0.003602758	0.002090572	0.006701708	0.00087558	0.002666678	0.001010812	0.004156911	0.005077074	0.001454063	0.002673193	0.007071337	0.004156256	0.001338272	0.001067645	0.001472051	0.002599307	0.004294939	0.057086976	0.005276688	0.016730221	0.002204274	0	0.074654378	0.002034335	0.001574525	0.008252149	0.00443575	0.035796904	0.00787089	0.006892816	0.017469906	0.002377002	0.005958432	0.000992702	0.019841706	0.000899815	0.006233754	0.006674724	0.018743662	0.000346916	0.003843882	0.014469619	0.000623516	0.0001614	0.001555728
"C[Ins(T):R(0,4)]G"	0.001634218	0.009345576	0.006413085	0.001790604	0.006794215	0.00041744	0.005130017	0.000808921	0.008680362	0.049444469	0.001262976	0.004027119	0.008879353	0.007726861	0.001282197	0.002483259	0.001403985	0.001856175	0.008415961	0.062418856	0.005093619	0.003473872	0.003072862	0	0.031336406	0.008909042	0.001036117	0.005042004	0.003150804	0.009177657	0.005668485	0.003437623	0.003600472	0.003239289	0.002892483	0.001025281	0.002481297	0.002168181	0.009026952	0.004346899	4.84e-05	0.00062397	1.5e-05	0.017642372	0.001543566	0.00016632	0.001024271
"G[Ins(T):R(0,4)]A"	0.001045804	0.000847736	0.000664767	0.000776206	0.002177934	0.00075142	0.001215325	0.000298969	0.005297732	0.003952915	0.00456947	0.010710967	0.009140522	0.006276554	0.001312649	0.000362338	0.002876044	0.006077536	0.008932971	0.037876504	0.003924532	0.002584446	0.003089945	0	0.057142857	0.011782565	0.00219997	0.008058745	0.003628506	0.003963574	0.004657545	0.006304052	0.00485723	0.002316203	0.004704855	0.002665334	0.070533425	0.001381863	0.10590436	0.004893166	0.033510724	7.6376e-05	0.000810804	0.001364894	0.001501245	4.524e-05	0.000259
"G[Ins(T):R(0,4)]C"	0.000555318	0.000637255	0.000875933	0.000514153	0.001272379	0.0003627	0.000709451	0.000170124	0.004150766	0.003028652	0.000676375	0.001881543	0.004162439	0.002540316	0.001100706	0.000306701	0.000956043	0.002443399	0.004423055	0.050325383	0.003911653	0.003612574	0.001786827	0	0.085714286	0.00135931	0.001090908	0.002244316	0.001202114	0.004685304	0.002960605	0.010208593	0.011508721	0.001431286	0.0002112	0.000996747	0.002560609	0.000655617	0.112627304	0.003582657	0.029691666	5.5714e-05	0.000840851	0.000735898	0.001003995	3.964e-05	0.000258893
"G[Ins(T):R(0,4)]G"	0.00261054	0.000729274	0.003624887	0.001594986	0.004717205	0.001388448	0.003824155	0.000551728	0.008463495	0.041836682	0.001280858	0.003339639	0.007150411	0.004662462	0.001486898	0.001317126	0.0014152	0.003081441	0.005634121	0.04831751	0.010595149	0.001219211	0.003075946	0	0.040552996	0.003368705	0.001819015	0.005749428	0.003443716	0.003349455	0.006137849	0.009355624	0.002252931	0.003049861	0.0001401	0.002787953	0.003741015	0.00121338	0.205455855	0.002780033	0.018489083	0.000550998	0.001726778	0.002285249	0.028489522	0.0002838	0.00196134
"A[Ins(T):R(5,7)]A"	0.03573106	0.090917055	0.067268135	0.031579511	0.004572734	0.008530554	0.034192768	0.010431126	0.003298033	0.001086249	0.001062247	0.010371823	0.002658915	0.013305608	0.001478168	0.011613399	0.002108091	0.002427226	0.010923041	0.009055791	0.00937754	0.005938873	0.014327937	0	0	3.418e-05	0.004056474	0.00527101	0.001764381	0.003632517	0.00115536	0.006380092	0.008417433	0.001368504	0.004145958	0.006588338	0.002665544	0.001981015	0.005170974	0.010013069	0.003188589	0.003472078	0.032973963	0.024626123	0.002153939	0.003341807	0.026618006
"A[Ins(T):R(5,7)]C"	0.037470756	0.063051839	0.073783995	0.035601142	0.001403034	0.006780893	0.029680164	0.011497563	0.006446474	0.000936569	0.002082483	0.011785527	0.001366922	0.016065666	0.001511236	0.008593995	0.001503254	0.004639418	0.010615223	0.006659971	0.013030511	0.008326227	0.011212917	0	0	0.000989407	0.004942025	0.004844528	0.00163663	0.00395166	0.002563455	0.00653538	0.016510907	0.00104884	0.000920334	0.006472836	0.00675907	0.00231315	0.008128815	0.003928479	0.007310727	0.001106608	0.016201688	0.026719313	0.004575259	0.001346493	0.02384964
"A[Ins(T):R(5,7)]G"	0.038136217	0.023926781	0.088657623	0.034925895	0.000661186	0.00758587	0.036931967	0.012964111	0.010614933	0.006948854	0.001326652	0.01048506	0.002344196	0.020084431	0.001037075	0.014521352	0.001644254	0.005664163	0.009855586	0.007209073	0.006689342	0.006658268	0.006844401	0	0	0.001278374	0.00323689	0.004097557	0.00330626	0.00342758	0.00346608	0.003898133	0.0075814	0.000868382	0.008567511	0.004219259	0.003612283	0.002258688	0.008324147	0.004822164	0.015809702	0.00296859	0.022012673	0.026541268	0.00407444	0.002558381	0.033051131
"C[Ins(T):R(5,7)]A"	0.016270644	0.065660201	0.025220496	0.013230274	0.0001105	0.005037988	0.013290501	0.003976346	0.002194292	0.001131929	0.000446794	0.004992053	0.000910262	0.006455076	0.00040284	0.004484401	0.001234257	0.001204478	0.006748193	0.004169564	0.004344469	0.002472504	0.006930546	0	0.000921659	0.000870828	0.003079015	0.002883939	0.000738033	0.001975338	0.00202188	0.002849914	0.002464405	0.000742597	0.001200276	0.003768176	0.001443579	0.001403024	0.007929672	0.00405708	0.003091649	0.001295768	0.003633743	0.015019576	0.002654759	0.001399758	0.010104352
"C[Ins(T):R(5,7)]C"	0.01935372	0.054639516	0.039078058	0.018279744	0.0001287	0.00358781	0.015648019	0.006615674	0.003704767	0.001453649	0.001159716	0.009361681	0.001049952	0.010074855	0.000663651	0.005264841	0.001229892	0.00156207	0.005991527	0.005063839	0.003202902	0.00470279	0.006856584	0	0.001843318	0.000398872	0.001770908	0.002641172	0.00047039	0.002118009	0.001047045	0.003848368	0.00914724	0.000653475	0.001185662	0.002697651	0.004772089	0.002020714	0.002933978	0.013169716	0.008608071	0.000658282	0.004069191	0.014707021	0.003245498	0.000710999	0.012391988
"C[Ins(T):R(5,7)]G"	0.017644521	0.020588849	0.043672587	0.018171237	9.78e-05	0.004232113	0.016948182	0.006320758	0.003444197	0.003253936	0.00150644	0.006422364	0.000970983	0.011728243	0.00057721	0.006857203	0.000878999	0.0012421	0.004134177	0.004332509	0.005081737	0.002489122	0.003051675	0	0	0.000874113	0.001378354	0.002474226	0.000909517	0.001527331	0.003141135	0.001950272	0.002313926	0.00063694	0.001166762	0.002357087	0.002324839	0.001108192	0.00358207	0.00882474	0.002558141	0.001292703	0.003258356	0.015543756	0.002508859	0.001480792	0.015189774
"G[Ins(T):R(5,7)]A"	0.016027831	0.040800124	0.028677308	0.010374655	7.13e-05	0.003469346	0.014292744	0.004567906	0.002376662	0.000512158	0.002150174	0.002108049	0.000566651	0.00541923	0.000627792	0.006738664	0.001126872	0.001827201	0.004862681	0.003622471	0.00598734	0.001422053	0.006564317	0	0	0.000653557	0.002699967	0.001341297	0.000317301	0.001986473	0.00137199	0.003493873	0.00387691	0.000683183	0.006579148	0.00503663	0.001191527	0.000714732	0.009630064	0.005142164	2.42e-05	0.001734922	0.003453557	0.011932987	0.003384251	0.001250171	0.018680082
"G[Ins(T):R(5,7)]C"	0.01938794	0.043567772	0.042089787	0.015476293	0.000117	0.003217283	0.01719449	0.00448991	0.002517462	0.000484624	0.002827199	0.004842465	0.000709184	0.006991095	0.000321441	0.007792966	0.000713438	0.002186821	0.010062281	0.002509781	0.00896383	0.006817031	0.006158741	0	0	0.001348413	0.002289273	0.002358703	0.000656146	0.002128478	0.00310503	0.005870121	0.008702763	0.000595121	0.005694789	0.004578356	0.00173917	0.000764291	0.006037496	0.007414172	0.004534378	0.001405536	0.006967176	0.008850308	0.000390627	0.001080472	0.022781506
"G[Ins(T):R(5,7)]G"	0.025045114	0.013354968	0.061475978	0.018136426	0.00226294	0.004564454	0.022053037	0.006900994	0.004449291	0.003232268	0.003226551	0.007630209	0.00112293	0.009932471	0.000573253	0.014894243	0.001124929	0.002390708	0.006691979	0.003407026	0.007158658	0.004143289	0.003957647	0	0	2.766e-05	0.002557301	0.001866076	0.001163943	0.001641906	0.001769145	0.005138359	0.005298768	0.00072208	0.00120111	0.004116106	0.002457264	0.000667632	0.01270788	0.005899328	0.004413114	0.003664572	0.004219346	0.011286468	0.003788002	0.002462899	0.038214175
"A[Ins(T):R(8,)]A"	0.073535418	0.031439899	0.04650814	0.025631018	0.144569362	0.020520228	0.001476155	0.013723619	0.004529226	0.000198928	0.001795269	0.008704142	9.17e-05	0.008294775	0.000453878	0.012174525	0.003178221	0.001759869	0.008708067	0.001011982	0.003063319	0.001766884	0.013577377	0	0	0.001077223	0.005845415	0.02014823	0.009522842	0.011938181	0.00115536	0.002556041	0.004422858	0.001461757	0.003428207	0.009602457	0.006594725	0.001533156	0.007587385	0.003446606	0.004437414	0.003663768	0.001066098	0.001915186	0.000333482	0.004841038	0.078835127
"A[Ins(T):R(8,)]C"	0.064968034	0.040135076	0.041655569	0.02408473	0.05431967	0.017807719	0.001234729	0.011428599	0.004147998	0.000349977	0.001984446	0.009612044	9.45e-05	0.008544647	0.000915583	0.008570307	0.000674222	0.001595582	0.007212971	0.002293512	0.005799233	0.001446822	0.008206839	0	0	0.002277398	0.00707667	0.01929384	0.009320191	0.011355597	0.00166083	0.005717963	0.007452759	0.000954796	0.002607429	0.00826793	0.006045191	0.000615986	0.006895089	0.003001662	0.001915593	0.002576068	1.5e-05	0.001300503	0.000382313	0.003739917	0.067029147
"A[Ins(T):R(8,)]G"	0.060660179	0.00790147	0.038913589	0.020612764	0.070834315	0.01551522	0.000718949	0.008907008	0.003182131	0.000598715	0.001323952	0.007750215	0.000222304	0.005817686	0.00134589	0.009647237	0.001615473	0.000797468	0.009885989	0.001393343	0.003174956	0.001167591	0.004802498	0	0	0.001463864	0.006755105	0.017057941	0.006382508	0.007214534	0.001047045	0.003846031	0.007587284	0.000620392	0.004164831	0.005705862	0.003863552	0.000429376	0.004124867	0.007599058	0.004219154	0.00324755	1.5e-05	0.004720567	0.001495311	0.003929721	0.068275235
"C[Ins(T):R(8,)]A"	0.03957235	0.012396348	0.023613444	0.012682392	0.127728393	0.013753884	0.000520484	0.007533618	0.003005614	0.000321222	0.001044226	0.00420352	6.64e-05	0.004662189	0.00055337	0.005942476	0.000829773	0.000774784	0.004134458	8.68e-07	0.001225784	0.000553132	0.007006211	0	0	0.001891929	0.002647835	0.013420785	0.005959306	0.0046187	0.00231072	0.003185786	0.00416937	0.000643398	0.004956432	0.00618813	0.003954705	0.000968216	0.005815788	0.004317232	0.007965471	0.002261415	0.000690711	0.00158674	0.000397797	0.002770864	0.048178235
"C[Ins(T):R(8,)]C"	0.04342432	0.023298828	0.029117056	0.015444502	0.070501626	0.01206911	0.000773236	0.0070013	0.004308265	0.000379828	0.000484087	0.004259203	0.000200488	0.005401057	0.000568786	0.006336425	0.000576355	0.001444805	0.002892259	0.000501399	0.00394188	0.001017519	0.004920308	0	0	0.003016147	0.002865336	0.013331828	0.00761074	0.005911141	0.00223851	0.002322337	0.006763512	0.000725143	0.001707666	0.00516036	0.002924538	0.000784001	0.00271399	0.004046911	2.42e-05	0.001678723	0.000690711	0.001584901	0.001490547	0.002207986	0.05475244
"C[Ins(T):R(8,)]G"	0.041177631	0.003497233	0.034549856	0.016589532	0.052674264	0.012423746	0.00118421	0.009082595	0.003823385	0.000260734	0.000667323	0.003182124	0.000158162	0.004123113	0.000689252	0.009506855	0.001152411	0.000692481	0.005340505	0.001403213	0.003089553	0.000982401	0.002136656	0	0	0.000771318	0.003319412	0.012723963	0.005984782	0.004133543	0.001769145	0.002757737	0.002054725	0.000496861	0.006403096	0.00352761	0.0023071	0.000393141	0.002725523	0.004372909	0.005140578	0.002554536	0	0.003020929	0.000646122	0.002853346	0.063717417
"G[Ins(T):R(8,)]A"	0.03305609	0.010012867	0.023263268	0.013293683	0.070105155	0.009062312	0.000651307	0.007529476	0.002182029	0.0001412	0.00098159	0.002579869	9.22e-05	0.003518816	0.000206304	0.006495231	0.001075764	0.000937072	0.003061497	0.0007163424	0.003529404	0.000467224	0.00372994	0	0	0.001910563	0.004442399	0.011710024	0.005851456	0.003814714	0.00057768	0.002160565	0.003142143	0.000897303	0.006110329	0.004385934	0.003533481	0.000659822	0.004497704	0.001978581	0.00584377	0.002230975	0	0.001313878	0.000369808	0.002468391	0.044542125
"G[Ins(T):R(8,)]C"	0.033772148	0.013361745	0.022055448	0.011669704	0.045508024	0.008703575	0.000616752	0.007160462	0.003126762	0.000198329	0.001004726	0.003279668	8.06e-05	0.003489669	0.000205362	0.005887585	0.000775327	0.000983068	0.002945062	0.000164589	0.01120115	0.000528073	0.00389205	0	0	0.001673458	0.002751734	0.014286201	0.008562249	0.005233074	0.000108315	0.00146737	0.003646386	0.000606043	0.002850399	0.004803748	0.002411202	0.00089796	0.003475861	0.002613847	0.002582413	0.001957357	0.003588696	0.001223158	0.000269138	0.002195131	0.045168971
"G[Ins(T):R(8,)]G"	0.030422861	0.002939831	0.026715164	0.012012968	0.023600103	0.008346224	0.000614968	0.005146154	0.002925837	9.9e-05	0.001169898	0.003809976	0.0001122	0.003403197	0.00057795	0.008515981	0.001414011	0.000925037	0.002498212	0.000337175	0.002262558	0.000769754	0.002666427	0	0	0.000859876	0.002534405	0.010020836	0.005332682	0.003129627	0.001624725	0.002245126	0.003179028	0.000919817	0.003980257	0.003658932	0.002353809	0.000435364	0.001123204	0.002765271	0.007747239	0.002882967	0.00244752	0.001445968	0.000437696	0.002547995	0.05087435
"Del(2,4):R1"	0.005853759	0.001025879	0.000817657	0.002544844	0.012918803	0.004575874	0.001934358	0.001213094	0.012765297	0.008006292	0.042379361	0.033012494	0.044255247	0.019491242	0.016101391	0.001944878	0.011823421	0.023930584	0.008182251	0.0001803987	0.008714651	0.020403013	0.00621034	0	0	0.066538194	0.015341679	0.028110161	0.019302459	0.005649046	0.023793191	0.084819434	0.012633451	0.071339419	0.012685146	0.005977215	0.01239412	0.095016545	0.011362827	0.012698762	0.031570883	0.003933127	0.027102917	0.001032156	0.016758682	0.00303191	0.000988699
"Del(5,):R1"	0.007000491	0.000761867	0.000825057	0.00255232	0.010206194	0.002863954	0.00110812	0.000652483	0.013614046	0.004457203	0.005144046	0.034376582	0.051349306	0.045817708	0.067005183	0.000287445	0.200987267	0.010697404	0.043841794	0.0010697391	0.014346356	0.042455664	0.011467679	0.001371178	0	0.052137684	0.013400923	0.035986401	0.150752734	0.008840446	0.013755994	0.00871472	0.010546628	0.12592034	0.015180134	0.004647532	0.008635804	0.01407967	0.007622499	0.058791529	0.0001332	0.000209306	0.003873959	0.00056174	0.00462941	0.000146367	0.000499644
"Del(2,8):U(1,2):R(2,4)"	0.014038473	0.001305489	0.001311277	0.01335165	0.005400679	0.007676422	0.012518511	0.002329351	0.042781853	0.031086389	0.157312134	0.049830053	0.030647164	0.020108162	0.008097407	0.008558622	0.011269498	0.015544678	0.023195364	0.0017930722	0.013086354	0.009057684	0.007473672	0.000411354	0	0.014012476	0.021096295	0.033667955	0.017848149	0.008376933	0.106220886	0.026362974	0.013476186	0.0337575	0.014069183	0.00584296	0.016289628	0.374092432	0.012991299	0.013438961	0.005637566	0.0045443466	0.063530421	0.001956202	0.009571556	0.002474387	0.002131867
"Del(2,):U(1,2):R(5,)"	0.006795522	0.000300802	0.001102146	0.003938686	0.011708074	0.016074167	0.004591771	0.023515142	0.01937102	0.007646402	0.036209544	0.010121948	0.006332503	0.004781724	0.005868561	0.016351674	0.001914743	0.010799794	0.01147094	0.0001841458	0.208472418	0.005464161	0.002701729	0	0	0.002659688	0.011398786	0.029965423	0.016650434	0.010074564	0.002635665	0.003243241	0.006612417	0.007858948	0.007867835	0.002247607	0.009887278	0.041729135	0.0038231	0.009535742	0.003540113	0.194585979	0.021982642	0.000838177	0.03760079	0.190906118	0.005317635
"Del(3,):U(3,):R2"	0.011071029	0.000957072	0.001522723	0.012023259	0.007282062	0.00937183	0.006237943	0.000692619	0.002975725	0.000811907	0.193657511	0.051807278	0.011890562	0.014290942	0.01525482	0.005378342	0.007042055	0.017671882	0.020246575	0.001422816	0.007544996	0.003802021	0.008011125	0	0	0.014390676	0.0048147	0.031781298	0.014961768	0.003810206	0.003141135	0.010075435	0.008368887	0.013051759	0.002870963	0.003770075	0.006152964	0.031678334	0.007213543	0.071209048	0.005504298	0.00160839	0.011201507	0.001238814	0.00597529	0.000273687	0.000676096
"Del(3,):U(3,):R(3,)"	0.003594861	0.000331334	0.00117047	0.004311471	0.00355013	0.005023787	0.002210785	0.001021297	0.002316389	0.00033323	0.088586532	0.022115008	0.002955307	0.004362635	0.00228607	0.003536662	0.001907034	0.007599517	0.007586071	0.0003606145	0.242447316	0.000912894	0.003983734	0.000274236	0	0.001685843	0.003350481	0.014389694	0.00652054	0.001650383	0.00176913	0.004690508	0.008756064	0.00196342	0.003811899	0.001296108	0.004968208	0.008531817	0.003542078	0.009918964	0.013712108	0.003003497	0.017628095	0.000512367	0.009488117	0.000769889	0.000785035
"Ins(2,4):R0"	0.014866068	0.010161444	0.000349238	0.002717292	0.024245317	0.009293195	0.000583143	0.002071846	0.011585032	0.006725359	0.002025363	0.006695156	0.00563998	0.003151489	0.007022458	0.00067986	0.002942921	0.003601638	0.012380417	0.0003612574	0.00722781	0.010674781	0.042487226	0	0	0.040443811	0.003308972	0.052678678	0.037519597	0.170386435	0.001841345	0.009137675	0.030762695	0.002514233	0.023741625	0.045104578	0.130565411	0.00187336	0.008766054	0.009650939	0.021859532	0.0028804986	0.000450433	0.00112749	0.138284402	0.001804304	0.009286942
"Ins(5,):R0"	0.019316536	0.002099554	8.48e-05	0.000495405	0.003349274	0.010460394	3.373e-05	0.002384797	0.00811515	0.003190715	0.000390281	0.003773171	0.002721154	0.000575719	0.004846477	0.0003339	0.001411674	0.000377682	0.01208966	0.000715246	0.000989897	0.004275789	0.008117557	0.000137118	0	0.006768476	0.006474303	0.087463934	0.319245656	0.240519374	0.00303282	0.007733872	0.030094447	0.001015647	0.005282683	0.015963036	0.050169627	0.001056334	0.00979892	0.005283324	0.00681369	0.002491534	0	0.000263341	0.000535954	0.002359791	0.006362215
"Ins(2,4):R1"	0.007154937	0.001444952	0.000690904	0.003694633	0.010707853	0.002217732	0.000444395	0.000843826	0.008124246	0.003599073	0.00298967	0.0134926	0.017911705	0.007979224	0.000751558	0.000241715	0.005392965	0.004185522	0.069113061	0.000539782	0.008962433	0.011660414	0.008660502	0	0	0.25021176	0.005043112	0.020108311	0.011466006	0.029351719	0.0050547	0.0131636	0.014860338	0.007397077	0.006230445	0.003741528	0.033793945	0.004507181	0.010057666	0.009493364	0.00691061	0.0001859868	0.001651671	0.00072895	0.00413516	0.000147841	0.001429431
"Ins(5,):R1"	0.006979447	0.00133266	0.000354931	0.004698978	0.003081381	0.002109776	0.0001131	0.000107829	0.008322223	0.000949736	0.003076113	0.018910295	0.009089349	0.014727571	0.008072205	4.6363e-05	0.013904467	0.007211503	0.201139925	0.001257449	0.00205929	0.020012105	0.01016895	0	0	0.004881196	0.000660824	0.015044065	0.008720417	0.008908413	0.000685995	0.004787072	0.00991824	0.003219208	0.014470074	0.013395364	0.004822029	0.00238386	0.003512068	0.003649844	0	1.8949e-05	0.001291315	0.000518283	0.01050112	2.876e-05	0.00037289
"Ins(2,):R(2,4)"	0.008026995	0.0045177971	0.005295538	0.004254569	0.01033264	0.004132563	0.0034788932	0.002508406	0.007405646	0.005058398	0.004018831	0.0117753915	0.020683095	0.005654405	0.003633532	0.0034109418	0.003102633	0.004167956	0.042822628	0.0011005393	0.010328742	0.005013876	0.009228229	0	0	0.084303949	0.012319009	0.020062171	0.011982651	0.031419063	0.00736541	0.009936709	0.014102751	0.005651191	0.012063349	0.006136363	0.013626785	0.00391039	0.010667185	0.017805026	0.000339216	0.0022084984	0.002102041	0.008367069	0.003587524	0.0017065953	0.007236525
"Ins(2,):R(5,)"	0.040167109	0.005143393	0.020706553	0.015679101	0.011647458	0.021824448	0.005833119	0.012186353	0.003385751	0.000982565	0.003379712	0.007366407	0.002413514	0.002492898	0.002535285	0.016546159	0.002626913	0.003911692	0.022688736	0.0016045404	0.024433048	0.005084444	0.004911719	0	0	0.005308031	0.008312747	0.029156602	0.012776424	0.035753922	0.001371985	0.00410129	0.005765852	0.001462988	0.003415345	0.006095203	0.007216554	0.002551179	0.006604106	0.012499067	0.002182257	0.017413212	0.003543619	0.006816294	0.004993922	0.010785663	0.062346537
"Del(2,5):M1"	0.007841648	0.000802119	0.000808273	0.004173775	0.016994031	0.004531259	0.003757896	0.000890499	0.010081397	0.008786189	0.069854574	0.034861006	0.036818371	0.016843828	0.015568044	0.002813136	0.014341583	0.019613783	0.014506713	0.000525616	0.011335221	0.010824719	0.003670018	0	0	0.055990834	0.010633964	0.030072284	0.021515534	0.006825684	0.044734088	0.036939105	0.009519915	0.069128794	0.003157751	0.002375365	0.01235062	0.244101479	0.007736752	0.00643852	0.009493023	0.002987716	0.049505991	0.000373693	0.014635115	0.001702577	0.001976466
"Del(3,5):M2"	0.006919241	0.000683942	0.000974202	0.005672886	0.005092469	0.00364594	0.002473873	0.00026757	0.003275773	0.000715162	0.109650669	0.035208411	0.016173329	0.010252895	0.024285075	0.002650513	0.005460385	0.01198854	0.010101636	0.000708986	0.009557901	0.003294053	0.002039284	0	0	0.025642198	0.007402539	0.021004843	0.012232967	0.00495685	0.003213345	0.00795555	0.008995718	0.02990963	0.006258001	0.002494926	0.004371825	0.024435877	0.003030564	0.009555472	0.00619537	0.001334848	0.010450765	0.000431581	0.001766859	0.000429537	0.000640358
"Del(4,5):M(3,4)"	0.002897231	0.000479396	0.00052654	0.002283853	0.004490854	0.002349731	0.001280712	0.000428024	0.002557085	0.000299422	0.077309748	0.018249477	0.006919988	0.005874321	0.015677769	0.001534899	0.001751817	0.008458519	0.004080619	0.0007206374	0.004348938	0.001041124	0.001818208	0	0	0.006584376	0.00228155	0.012516038	0.00703423	0.00201209	0.00223851	0.002037625	0.002330052	0.010710472	0.004424129	0.001111728	0.002785259	0.020694695	0.002170155	0.002692113	4.84e-05	0.000448713	0.001531577	0.00022065	0.001955041	0.000204561	0.000464494
"Del(6,):M1"	0.010541095	0.000293726	0.000362988	0.002689812	0.004263388	0.001940654	0.000475919	0.000407702	0.009585193	0.003849731	0.003252523	0.026944398	0.033971672	0.035822275	0.094353844	0.000215047	0.235776073	0.008840944	0.023732033	0.000335713	0.01027226	0.035491614	0.012901213	0	0	0.046223859	0.010963018	0.029333077	0.047869537	0.012516649	0.001913565	0.005397699	0.004245088	0.09810286	0.00203048	0.004674783	0.003771963	0.009560729	0.005686562	0.007958893	0.005940762	0.001274417	0.001216237	0.0001238	0.004019058	0.000771775	0.000638027
"Del(6,):M2"	0.005736903	0.000564169	0.000556921	0.002530926	0.003634137	0.00187427	0.000292011	0.000176723	0.008212393	0.002930767	0.001144656	0.023722922	0.019512819	0.023286572	0.211366536	5.35e-05	0.157177378	0.009097595	0.014800913	0.000515244	0.002956148	0.019528006	0.007558849	0	0	0.049286237	0.00746452	0.019902815	0.020094748	0.003522933	0.00462144	0.0035744	0.002752163	0.060205435	0.000764939	0.003493097	0.004018021	0.008558128	0.009407591	0.005163723	0.003006753	4.5e-05	0.000465479	0.000206707	0.00295251	4.68e-05	0.000294234
"Del(6,):M3"	0.003785734	7.78e-05	0.000163285	0.001723987	0.000260462	0.000893737	0.000270794	0.0001067	0.005745891	0.001609357	0.001878894	0.016013305	0.008930333	0.012472799	0.160896718	9.07e-05	0.074266024	0.005205045	0.013216448	0.000344669	0.005627903	0.008968852	0.003434616	0	0	0.026813302	0.003781731	0.009897242	0.007105172	0.001583545	0.001913565	0.002512195	0.001505613	0.025960462	0.001595154	0.002155913	0.001998674	0.004799567	0.006714388	0.00992515	0	0.000156016	0.001651686	7.129e-05	0.001459547	6.87e-05	0.000222222
"Del(6,):M(4,)"	0.007602261	0.000317555	0.000314026	0.00435669	0.004514255	0.002973138	0.000515243	0.000687251	0.006123728	0.002181208	0.003981915	0.016456496	0.006752746	0.011929217	0.172971616	0.0001965	0.060043339	0.006164275	0.024352591	0.000892355	0.004066825	0.01655852	0.006482756	0	0	0.021283416	0.005276429	0.021619558	0.012617529	0.003370486	0.002057985	0.006561432	0.004802357	0.019170641	0.001989195	0.004341493	0.005357858	0.005769114	0.008350564	0.324814096	0.003443169	0.000298577	0.001756809	0.000204423	0.008058326	0.0001353	0.000399455
"Complex"	0	0	0	0	0	0	0	0	0	0	0	0	0	0	0	0	0	0	0	0	0	0	0	0	0	0	0	0	0	0	0	0	0	0	0	0	0	0	0	0	0	0	0	0	0	0	0
