"rowname","Total_Mutation","Average_Mutation","Positive_Proportion","Min","Max","Q1","Median","Q3","CV","Highest_Corr_Channel","Highest_Corr_Coef"
"A[Del(C):R1]A",69503,9.96030381198051,0.917311550587561,0,363,2,4,8,2.49380667567572,"G[Del(C):R1]G",0.920330624121567
"A[Del(C):R1]G",7700,1.10346804241903,0.468472341645171,0,47,0,0,1,2.24457612192651,"T[Del(C):R4]A",0.832310677105412
"A[Del(C):R1]T",37996,5.445113212955,0.883634279163084,0,139,1,4,7,1.22551661016648,"G[Del(C):R1]T",0.756176351703029
"A[Del(C):R2]A",36564,5.23989681857266,0.763829177414732,0,273,1,2,4,2.75296979525049,"T[Del(C):R3]T",0.962932562593072
"A[Del(C):R2]G",5289,0.757953568357696,0.276726855832617,0,49,0,0,1,3.38104887685193,"T[Del(C):R3]A",0.918182336530684
"A[Del(C):R2]T",25550,3.66150759529951,0.7823158498137,0,118,1,2,4,1.87107750700165,"T[Del(C):R3]T",0.924626692414793
"A[Del(C):R3]A",23448,3.36027515047291,0.638005159071367,0,141,0,1,3,2.65333324553411,"T[Del(C):R3]T",0.938022450465861
"A[Del(C):R3]G",3990,0.571797076526225,0.250071653768988,0,34,0,0,0.75,2.98448806588134,"A[Del(C):R3]A",0.859687226259521
"A[Del(C):R3]T",14363,2.05832616795643,0.601175121811407,0,72,0,1,2,2.17602898313235,"A[Del(C):R3]A",0.906640717514852
"A[Del(C):R4]A",19710,2.82459157351677,0.566638005159071,0,167,0,1,2,3.54785534414183,"A[Del(C):R4]T",0.954585218251141
"A[Del(C):R4]G",4990,0.715104614502723,0.245629120091717,0,53,0,0,0,4.19975194742692,"A[Del(C):R5]A",0.941369950568712
"A[Del(C):R4]T",11121,1.59372312983663,0.455861278303239,0,91,0,0,1,3.52294662192965,"A[Del(C):R4]A",0.954585218251141
"A[Del(C):R5]A",26750,3.83347664087131,0.497993694468329,0,356,0,0,2,5.37774603807132,"T[Del(C):R5]A",0.982575818410859
"A[Del(C):R5]G",5938,0.850960160504443,0.161077672685583,0,106,0,0,0,6.63737799547076,"A[Del(C):R6]A",0.981948016969397
"A[Del(C):R5]T",22883,3.27930639151619,0.380768128403554,0,353,0,0,1,6.56266123602354,"T[Del(C):R5]T",0.989642500282168
"A[Del(C):R6]A",37557,5.38220120378332,0.376898824878189,0,736,0,0,1,7.43003306871316,"A[Del(C):R6]T",0.991421605119369
"A[Del(C):R6]G",8715,1.24892519346518,0.109486959014044,0,189,0,0,0,7.97457515350025,"A[Del(C):R6]A",0.989682795235574
"A[Del(C):R6]T",18525,2.65477214101462,0.269704786471768,0,373,0,0,1,7.27832637284241,"A[Del(C):R6]A",0.991421605119369
"A[Del(C):R7]A",40605,5.81900257953568,0.270707939237604,0,867,0,0,1,7.99802171417804,"T[Del(C):R7]A",0.991170265665523
"A[Del(C):R7]G",8858,1.26941817139582,0.0733734594439668,0,209,0,0,0,8.36052172544707,"T[Del(C):R7]G",0.989354090303053
"A[Del(C):R7]T",7283,1.04370879908283,0.131413012324448,0,140,0,0,0,7.54298129720065,"A[Del(C):R6]A",0.98734061530694
"A[Del(C):R8]A",25489,3.65276583548295,0.274863857838922,0,577,0,0,1,7.57630324594385,"T[Del(C):R8]A",0.987286846446715
"A[Del(C):R8]G",2509,0.359558612783032,0.0546001719690456,0,53,0,0,0,8.07919871101101,"A[Del(T):R(9,)]G",0.981836524339743
"A[Del(C):R8]T",5477,0.784895385497277,0.123244482659788,0,101,0,0,0,7.30484374095963,"T[Del(C):R8]T",0.977873270225172
"A[Del(C):R(9,)]A",9393,1.34608770421324,0.264832330180568,0,167,0,0,1,6.31487749722626,"T[Del(C):R(9,)]A",0.977502911384923
"A[Del(C):R(9,)]G",1240,0.177701347090857,0.0527371739753511,0,25,0,0,0,7.32076827359657,"A[Del(C):R(9,)]A",0.929316962213713
"A[Del(C):R(9,)]T",1357,0.194468329034107,0.0762396102034967,0,22,0,0,0,6.29779589767582,"A[Del(C):R(9,)]A",0.91518666528096
"G[Del(C):R1]A",25531,3.65878475207796,0.744052737173975,0,183,0,2,3,2.42764719892015,"G[Del(C):R2]A",0.942604628840575
"G[Del(C):R1]G",7773,1.11392949269132,0.376325594726283,0,52,0,0,1,3.05835037665454,"A[Del(C):R1]A",0.920330624121567
"G[Del(C):R1]T",35656,5.10977357409,0.823301805674978,0,138,1,3,6,1.59623512108447,"T[Del(C):R2]T",0.787498913996049
"G[Del(C):R2]A",40492,5.80280882774434,0.766408713098309,0,343,1,2,4,2.87967844847728,"T[Del(C):R3]A",0.975367011225058
"G[Del(C):R2]G",7602,1.08942390369733,0.354542848953855,0,71,0,0,1,3.27941168963117,"T[Del(C):R3]A",0.943129663100236
"G[Del(C):R2]T",28789,4.12568071080539,0.730295213528232,0,191,0,2,3,2.55056144006473,"G[Del(C):R2]A",0.961695077981026
"G[Del(C):R3]A",26595,3.81126397248495,0.625680710805388,0,211,0,1,3,3.07615863643245,"T[Del(C):R3]A",0.965217319237228
"G[Del(C):R3]G",6488,0.929779306391516,0.31670965892806,0,63,0,0,1,3.2698706763442,"G[Del(C):R3]A",0.932551614741767
"G[Del(C):R3]T",13880,1.98910862711379,0.531670965892806,0,100,0,1,2,2.68216147528269,"T[Del(C):R3]T",0.92332322303886
"G[Del(C):R4]A",17569,2.51777013470909,0.475064488392089,0,656,0,0,1,5.36964500222963,"G[Del(C):R4]G",0.971759707299019
"G[Del(C):R4]G",6207,0.88950988822012,0.228575523072514,0,343,0,0,0,7.39290853500569,"G[Del(C):R4]A",0.971759707299019
"G[Del(C):R4]T",11081,1.58799082831757,0.414588707366007,0,181,0,0,1,4.03242511536277,"G[Del(C):R5]A",0.935614849567886
"G[Del(C):R5]A",23308,3.34021209515621,0.420750931498997,0,607,0,0,1,6.32043274492205,"G[Del(C):R5]T",0.986894130410191
"G[Del(C):R5]G",6794,0.973631413012324,0.156491831470335,0,174,0,0,0,7.22704251802174,"G[Del(C):R5]T",0.982922379521618
"G[Del(C):R5]T",19602,2.80911435941531,0.33634279163084,0,503,0,0,1,7.00275466200373,"G[Del(C):R6]A",0.988445224076805
"G[Del(C):R6]A",28189,4.03969618801949,0.315993121238177,0,925,0,0,1,8.11655670350925,"G[Del(C):R5]T",0.988445224076805
"G[Del(C):R6]G",11074,1.58698767555173,0.137145313843508,0,330,0,0,0,8.37673210036781,"G[Del(C):R7]G",0.981967751654527
"G[Del(C):R6]T",15974,2.28919461163657,0.226999140154772,0,416,0,0,0,7.70488321824766,"G[Del(C):R6]A",0.983969332274269
"G[Del(C):R7]A",19223,2.75480080252221,0.182287188306105,0,510,0,0,0,8.16760040822916,"G[Del(C):R7]T",0.985576357178893
"G[Del(C):R7]G",6851,0.981799942676985,0.0725136142161078,0,166,0,0,0,8.38811550855523,"G[Del(C):R7]A",0.984436197473397
"G[Del(C):R7]T",7200,1.03181427343078,0.118515333906563,0,197,0,0,0,7.99285370793569,"G[Del(C):R7]A",0.985576357178893
"G[Del(C):R8]A",13992,2.00515907136715,0.199340785325308,0,282,0,0,0,7.62950877701272,"C[Del(T):R(9,)]C",0.977506465476074
"G[Del(C):R8]G",2847,0.407996560619089,0.05646316996274,0,62,0,0,0,8.3062533501931,"C[Del(T):R(9,)]C",0.975343521795977
"G[Del(C):R8]T",4764,0.682717110920034,0.112496417311551,0,119,0,0,0,7.56610144822456,"G[Del(C):R8]A",0.976462852633522
"G[Del(C):R(9,)]A",9128,1.30811120664947,0.248495270851247,0,125,0,0,0,6.38735310052179,"T[Del(C):R(9,)]A",0.974558394418065
"G[Del(C):R(9,)]G",2462,0.352823158498137,0.0911435941530525,0,44,0,0,0,7.0226265305809,"G[Del(C):R(9,)]A",0.963862580321028
"G[Del(C):R(9,)]T",1733,0.24835196331327,0.090140441387217,0,30,0,0,0,6.27907295263641,"G[Del(C):R(9,)]A",0.928014574779422
"T[Del(C):R1]A",44659,6.3999713384924,0.859415305245056,0,208,1,3,7,1.86061531811261,"T[Del(C):R2]T",0.86889814524973
"T[Del(C):R1]G",7343,1.05230725136142,0.456004585841215,0,32,0,0,1,2.07495990849815,"A[Del(C):R3]A",0.789151809676748
"T[Del(C):R1]T",84390,12.0937231298366,0.927056463169963,0,543,3,6,13,1.91651527551437,"A[Del(C):R1]A",0.864045112229924
"T[Del(C):R2]A",46037,6.59744912582402,0.816852966466036,0,327,1,2,5,2.59518380649028,"T[Del(C):R3]A",0.963449218809685
"T[Del(C):R2]G",7435,1.06549154485526,0.379335053023789,0,56,0,0,1,2.86833405663985,"T[Del(C):R3]A",0.901869405689067
"T[Del(C):R2]T",50941,7.30022929206076,0.891229578675838,0,251,2,4,7.75,1.83850720786047,"T[Del(C):R3]T",0.92466532040658
"T[Del(C):R3]A",53060,7.60389796503296,0.730151905990255,0,502,0,2,4,3.63912962433547,"G[Del(C):R2]A",0.975367011225058
"T[Del(C):R3]G",7504,1.07537976497564,0.301805674978504,0,74,0,0,1,3.61276162222281,"T[Del(C):R3]A",0.941421814044817
"T[Del(C):R3]T",30566,4.38033820578962,0.689739180280883,0,248,0,1,3,2.95118090215068,"A[Del(C):R2]A",0.962932562593072
"T[Del(C):R4]A",27912,4,0.589710518773288,0,275,0,1,2,3.5452019791883,"T[Del(C):R4]T",0.958381023948521
"T[Del(C):R4]G",5378,0.770707939237604,0.216967612496417,0,72,0,0,0,4.75974262243927,"T[Del(C):R5]A",0.938749291817022
"T[Del(C):R4]T",17133,2.45528804815133,0.51676698194325,0,134,0,1,2,3.40393489908185,"T[Del(C):R4]A",0.958381023948521
"T[Del(C):R5]A",31769,4.55273717397535,0.452995127543709,0,466,0,0,1,5.84300295679374,"T[Del(C):R5]T",0.984080169026185
"T[Del(C):R5]G",6286,0.900831183720264,0.141731155058756,0,113,0,0,0,6.87392386841711,"T[Del(C):R5]T",0.9799566095166
"T[Del(C):R5]T",30660,4.39380911435942,0.400687876182287,0,527,0,0,1,6.63569299285326,"A[Del(C):R5]T",0.989642500282168
"T[Del(C):R6]A",40362,5.78417884780739,0.388793350530238,0,820,0,0,1,7.34455880564383,"T[Del(C):R7]A",0.990313181104382
"T[Del(C):R6]G",8489,1.21653768988249,0.0993121238177128,0,174,0,0,0,8.03299547722458,"T[Del(C):R5]T",0.988471986151323
"T[Del(C):R6]T",21874,3.13470908569791,0.299369446832903,0,418,0,0,1,7.13388633665457,"A[Del(C):R6]A",0.989815007144877
"T[Del(C):R7]A",32719,4.68887933505302,0.215247922040699,0,657,0,0,0,8.03194795675821,"A[Del(C):R7]A",0.991170265665523
"T[Del(C):R7]G",7656,1.09716251074807,0.0697907709945543,0,175,0,0,0,8.33102539022926,"A[Del(C):R7]G",0.989354090303053
"T[Del(C):R7]T",14749,2.11364287761536,0.193178561192319,0,314,0,0,0,7.62914303303626,"T[Del(C):R6]T",0.986914444105907
"T[Del(C):R8]A",19410,2.78159931212382,0.178131269704786,0,396,0,0,0,7.8298040485588,"A[Del(C):R8]A",0.987286846446715
"T[Del(C):R8]G",3109,0.445543135568931,0.0424190312410433,0,66,0,0,0,8.21155902787954,"C[Del(T):R(9,)]A",0.980045086208444
"T[Del(C):R8]T",6205,0.889223273144167,0.10762396102035,0,119,0,0,0,7.53925719498347,"T[Del(C):R8]A",0.984008460099911
"T[Del(C):R(9,)]A",9724,1.39352249928346,0.204786471768415,0,161,0,0,0,7.01493815914177,"A[Del(C):R(9,)]A",0.977502911384923
"T[Del(C):R(9,)]G",1674,0.239896818572657,0.0460017196904557,0,37,0,0,0,8.1003147695178,"T[Del(C):R(9,)]A",0.958188812695644
"T[Del(C):R(9,)]T",2476,0.354829464029808,0.103468042419031,0,42,0,0,0,6.25397838421304,"T[Del(C):R(9,)]A",0.956878612833904
"A[Del(T):R1]A",49249,7.05775293780453,0.888936658068214,0,204,2,4,8,1.92986241070786,"A[Del(C):R1]A",0.895325828548881
"A[Del(T):R1]C",15924,2.28202923473775,0.714244769274864,0,58,0,1,3,1.36242551052063,"A[Del(T):R2]C",0.749903784881191
"A[Del(T):R1]G",18675,2.67626827171109,0.773144167383204,0,43,1,2,3,1.29045784257667,"A[Del(T):R1]A",0.741144039345551
"A[Del(T):R2]A",58784,8.42419031241043,0.815276583548295,0,782,1,3,5,3.26256390325083,"G[Del(T):R2]A",0.915165156105384
"A[Del(T):R2]C",15767,2.25952995127544,0.679134422470622,0,63,0,1,3,1.72150185112932,"A[Del(T):R1]C",0.749903784881191
"A[Del(T):R2]G",15599,2.23545428489539,0.663227285755231,0,53,0,1,3,1.81236050425228,"A[Del(T):R1]A",0.818529879162076
"A[Del(T):R3]A",36748,5.26626540556033,0.814703353396389,0,560,1,2,5,2.92943286329523,"A[Del(T):R4]C",0.933332997333185
"A[Del(T):R3]C",18894,2.70765262252795,0.676841501862998,0,533,0,1,3,3.82310248031763,"A[Del(T):R3]G",0.927464450359029
"A[Del(T):R3]G",18241,2.61407280022929,0.680137575236457,0,408,0,1,3,2.98383205951352,"A[Del(T):R3]C",0.927464450359029
"A[Del(T):R4]A",55066,7.89137288621381,0.813270278016624,0,2562,1,3,6,5.54507247834011,"A[Del(T):R4]G",0.951188942805121
"A[Del(T):R4]C",31974,4.58211521926053,0.686299799369447,0,855,0,1,3,4.55809670968769,"A[Del(T):R4]G",0.961748390352867
"A[Del(T):R4]G",27852,3.99140154772141,0.683147033533964,0,809,0,1,3,4.24504570397812,"A[Del(T):R4]C",0.961748390352867
"A[Del(T):R5]A",130928,18.7629693321869,0.814989968472342,0,6437,1,3,6,7.66080560264632,"A[Del(T):R4]G",0.958053667735214
"A[Del(T):R5]C",54876,7.86414445399828,0.676124964173116,0,1086,0,1,3,6.26299887485647,"A[Del(T):R6]C",0.986001892552416
"A[Del(T):R5]G",68283,9.78546861564918,0.707509314989968,0,1426,0,1,3,6.5744263516565,"A[Del(T):R6]G",0.99299064674303
"A[Del(T):R6]A",220314,31.5726569217541,0.796933218687303,0,5855,1,3,6,7.28291432839196,"A[Del(T):R6]G",0.989556715576694
"A[Del(T):R6]C",78535,11.2546574949842,0.677271424476927,0,2104,0,1,3,6.91212009662965,"A[Del(T):R7]C",0.990579827700342
"A[Del(T):R6]G",110692,15.8629979936945,0.700343938091144,0,2258,0,1,3,7.29808023639664,"A[Del(T):R7]G",0.995231269623724
"A[Del(T):R7]A",279962,40.1206649469762,0.766838635712238,0,4499,1,2,6,7.33529703290955,"A[Del(T):R7]G",0.996911158333785
"A[Del(T):R7]C",184304,26.4121524792204,0.761679564345085,0,5697,1,2,6,7.38811764603275,"G[Del(T):R7]A",0.992632557050506
"A[Del(T):R7]G",222436,31.8767555173402,0.68329034107194,0,3978,0,1,4,7.68552006392234,"A[Del(T):R7]A",0.996911158333785
"A[Del(T):R8]A",409259,58.6498996847234,0.751074806534824,0,7106,1,2,8,7.41997704051192,"A[Del(T):R7]A",0.994310779527318
"A[Del(T):R8]C",280411,40.1850100315277,0.730868443680138,0,8413,0,2,6,7.71644037427587,"G[Del(T):R8]C",0.996239776211312
"A[Del(T):R8]G",255365,36.5957294353683,0.635998853539696,0,5266,0,1,4,7.87072413612402,"C[Del(T):R8]G",0.996911298926731
"A[Del(T):R(9,)]A",1019211,146.060619088564,0.794926913155632,0,19464,1,4,18,7.60911624289101,"A[Del(T):R(9,)]G",0.9984669419829
"A[Del(T):R(9,)]C",801440,114.852393235884,0.782602464889653,0,14254,1,5,18,7.57014518532618,"C[Del(T):R(9,)]C",0.994668246834514
"A[Del(T):R(9,)]G",610000,87.4175981656635,0.699340785325308,0,12610,0,2,9,7.95805934192432,"A[Del(T):R(9,)]A",0.9984669419829
"C[Del(T):R1]A",24724,3.54313556893093,0.808541129263399,0,87,1,2,4,1.52423181574078,"T[Del(C):R2]T",0.855953698649696
"C[Del(T):R1]C",22030,3.15706506162224,0.779163083978217,0,95,1,2,4,1.74525660553179,"Del2:U(2,):R1",0.841317416432126
"C[Del(T):R1]G",23729,3.40054456864431,0.83304671825738,0,73,1,2,4,1.23684722030666,"C[Del(T):R1]A",0.780203335923877
"C[Del(T):R2]A",21203,3.03854972771568,0.701633705932932,0,108,0,1,3,2.00305617464696,"C[Del(T):R1]A",0.808996997514402
"C[Del(T):R2]C",17006,2.43708799082832,0.694325021496131,0,67,0,1,3,1.77292936446783,"A[Del(C):R3]T",0.820804391865578
"C[Del(T):R2]G",16735,2.39825164803669,0.647750071653769,0,91,0,1,2,2.18979295851736,"T[Del(C):R3]T",0.91574916589864
"C[Del(T):R3]A",18497,2.65075952995128,0.719977070793924,0,105,0,1,3,1.69488275224847,"C[Del(T):R3]C",0.794020877651714
"C[Del(T):R3]C",16313,2.3377758670106,0.702206936084838,0,94,0,1,3,1.86347930625283,"A[Del(C):R4]A",0.832237490741359
"C[Del(T):R3]G",16597,2.37847520779593,0.684580108913729,0,106,0,1,3,1.74362470078688,"C[Del(T):R2]C",0.809069208549345
"C[Del(T):R4]A",34185,4.89896818572657,0.722413298939524,0,606,0,2,3,4.30723433194605,"A[Del(T):R6]A",0.97238796998861
"C[Del(T):R4]C",32687,4.68429349383778,0.687302952135282,0,409,0,1,3,5.06671290979165,"C[Del(T):R5]C",0.986335305045155
"C[Del(T):R4]G",30481,4.36815706506162,0.689022642591,0,360,0,1,3,4.1227768199919,"C[Del(T):R4]C",0.975312583309448
"C[Del(T):R5]A",51020,7.31155058756091,0.669962740040126,0,852,0,1,3,6.4673151714839,"C[Del(T):R6]A",0.993384118796871
"C[Del(T):R5]C",55302,7.92519346517627,0.5957294353683,0,1140,0,1,2,7.10184563581453,"C[Del(T):R4]C",0.986335305045155
"C[Del(T):R5]G",40142,5.75265118945256,0.563341931785612,0,668,0,1,2,6.65524390742039,"C[Del(T):R7]G",0.989081279012933
"C[Del(T):R6]A",85266,12.219260533104,0.625250788191459,0,1482,0,1,3,7.30575983586919,"C[Del(T):R6]G",0.994487387716477
"C[Del(T):R6]C",52582,7.53539696188019,0.583834909716251,0,2213,0,1,2,7.49700330711096,"G[Del(T):R6]C",0.991714106768655
"C[Del(T):R6]G",42438,6.0816852966466,0.527228432215535,0,710,0,1,2,7.02332423543696,"C[Del(T):R6]A",0.994487387716477
"C[Del(T):R7]A",193881,27.7846087704213,0.654055603324735,0,3471,0,1,4,7.51419923944801,"C[Del(T):R7]G",0.995241952762498
"C[Del(T):R7]C",208685,29.9061335626254,0.674118658641444,0,10136,0,1,4,8.61276878587325,"G[Del(T):R7]C",0.995031722709976
"C[Del(T):R7]G",206061,29.5300945829751,0.611349957007739,0,4159,0,1,3,7.95705300860233,"C[Del(T):R7]A",0.995241952762498
"C[Del(T):R8]A",333995,47.8640011464603,0.663083978217254,0,6235,0,1,5,7.73139547531431,"C[Del(T):R8]G",0.995412689250753
"C[Del(T):R8]C",324252,46.4677558039553,0.643020922900545,0,11078,0,1,4,8.40934769754054,"G[Del(T):R8]C",0.996491273534244
"C[Del(T):R8]G",334220,47.896245342505,0.582115219260533,0,7126,0,1,3,8.1406147323596,"A[Del(T):R8]G",0.996911298926731
"C[Del(T):R(9,)]A",628504,90.0693608483806,0.739180280882774,0,11543,0,3,10,7.64090729541046,"C[Del(T):R(9,)]G",0.998142338487444
"C[Del(T):R(9,)]C",921858,132.109200343938,0.74261966179421,0,17915,0,3,14,7.94004582545898,"G[Del(T):R(9,)]A",0.997345824630495
"C[Del(T):R(9,)]G",676102,96.890513040986,0.675981656635139,0,12780,0,2,7,8.00163112939949,"C[Del(T):R(9,)]A",0.998142338487444
"G[Del(T):R1]A",12525,1.79492691315563,0.639724849527085,0,54,0,1,2,1.73190731239854,"C[Del(T):R1]A",0.668072084920305
"G[Del(T):R1]C",10646,1.52565204929779,0.586414445399828,0,33,0,1,2,1.46070052877634,"G[Del(T):R2]G",0.622054901273643
"G[Del(T):R1]G",18578,2.66236744052737,0.712095156205216,0,125,0,1,3,2.45060512996877,"Del2:U(2,):R1",0.712659267352619
"G[Del(T):R2]A",27311,3.91387216967613,0.641874462596733,0,407,0,1,3,3.43700695861861,"A[Del(T):R2]A",0.915165156105384
"G[Del(T):R2]C",8452,1.21123531097736,0.524362281456005,0,71,0,1,2,1.87466325037996,"G[Del(T):R2]G",0.674158521098648
"G[Del(T):R2]G",11683,1.67426196617942,0.583261679564345,0,68,0,1,2,1.91465927419521,"C[Del(T):R2]C",0.754669789632058
"G[Del(T):R3]A",13948,1.99885353969619,0.632702780166237,0,347,0,1,2,3.37754349186932,"G[Del(T):R3]G",0.90117385519233
"G[Del(T):R3]C",14516,2.08025222126684,0.573946689595873,0,1332,0,1,2,9.30231796604513,"G[Del(T):R4]G",0.950445020195286
"G[Del(T):R3]G",13594,1.94812267125251,0.60146173688736,0,318,0,1,2,3.71564444708643,"G[Del(T):R4]C",0.929574942328912
"G[Del(T):R4]A",33517,4.80323875035827,0.685869876755517,0,1903,0,1,3,7.98602126422453,"G[Del(T):R5]A",0.977564505328278
"G[Del(T):R4]C",26042,3.73201490398395,0.588993981083405,0,1305,0,1,2,7.30327130948345,"G[Del(T):R5]A",0.993875180034843
"G[Del(T):R4]G",30194,4.32702780166237,0.664517053597019,0,2077,0,1,3,7.85508426262679,"G[Del(T):R4]C",0.968025728576504
"G[Del(T):R5]A",64529,9.24749211808541,0.68945256520493,0,3833,0,1,3,8.94619291762211,"G[Del(T):R4]C",0.993875180034843
"G[Del(T):R5]C",41076,5.88650042992261,0.564345084551447,0,2109,0,1,2,8.19376303368442,"G[Del(T):R6]G",0.990917983329689
"G[Del(T):R5]G",47255,6.77199770707939,0.637861851533391,0,1363,0,1,2,6.89388061781417,"A[Del(T):R6]C",0.982279647569915
"G[Del(T):R6]A",78244,11.2129550014331,0.54786471768415,0,3675,0,1,2,8.67246082316138,"G[Del(T):R6]C",0.993065120306218
"G[Del(T):R6]C",42360,6.07050730868444,0.510604757810261,0,1946,0,1,2,7.96660691315109,"G[Del(T):R6]A",0.993065120306218
"G[Del(T):R6]G",47545,6.81355689309258,0.555603324734881,0,2700,0,1,2,8.64468870549607,"G[Del(T):R5]C",0.990917983329689
"G[Del(T):R7]A",119870,17.1782745772428,0.510748065348237,0,4419,0,1,2,8.36634426582829,"G[Del(T):R7]G",0.996862094640854
"G[Del(T):R7]C",109965,15.7588134135856,0.568501003152766,0,4425,0,1,2,8.20262469649197,"G[Del(T):R7]G",0.995245073103758
"G[Del(T):R7]G",113304,16.2373172828891,0.524648896531958,0,4562,0,1,2,8.40703112265388,"G[Del(T):R7]A",0.996862094640854
"G[Del(T):R8]A",188071,26.9519919747779,0.538406420177701,0,5316,0,1,2,8.16832498872127,"G[Del(T):R8]G",0.994979576537102
"G[Del(T):R8]C",131479,18.8419317856119,0.513040985955861,0,4678,0,1,2,8.22228250754037,"C[Del(T):R8]C",0.996491273534244
"G[Del(T):R8]G",148496,21.280596159358,0.478217254227572,0,3934,0,0,2,8.24144021938878,"G[Del(T):R8]A",0.994979576537102
"G[Del(T):R(9,)]A",554373,79.4458297506449,0.66652335912869,0,10683,0,2,8,7.82812425345932,"G[Del(T):R(9,)]G",0.998143223309757
"G[Del(T):R(9,)]C",539936,77.3768988248782,0.672398968185727,0,11651,0,2,9,7.85702974676708,"G[Del(T):R(9,)]A",0.997998858620224
"G[Del(T):R(9,)]G",372827,53.4289194611637,0.59042705646317,0,7456,0,1,5,8.03732682075247,"G[Del(T):R(9,)]A",0.998143223309757
"A[Ins(C):R0]A",71241,10.2093723129837,0.653195758096876,0,1092,0,1,4,3.99144092563872,"A[Ins(C):R0]T",0.894227916818579
"A[Ins(C):R0]G",4100,0.58756090570364,0.268844941243909,0,69,0,0,1,3.172923974544,"A[Ins(C):R0]A",0.684694395763844
"A[Ins(C):R0]T",37728,5.4067067927773,0.443823445113213,0,765,0,0,2,4.69248910219122,"A[Ins(C):R0]A",0.894227916818579
"A[Ins(C):R1]A",6093,0.8731728288908,0.410862711378619,0,224,0,0,1,3.73290613509136,"A[Ins(C):R1]T",0.905597466141971
"A[Ins(C):R1]G",794,0.113786185153339,0.0902837489251935,0,33,0,0,0,4.91438317591629,"G[Ins(C):R1]T",0.737398030902544
"A[Ins(C):R1]T",3811,0.546145027228432,0.297363141301232,0,199,0,0,1,4.89290372160965,"A[Ins(C):R1]A",0.905597466141971
"A[Ins(C):R2]A",2858,0.40957294353683,0.263255947262826,0,86,0,0,1,3.35289603307672,"A[Ins(C):R1]A",0.824647670483405
"A[Ins(C):R2]G",640,0.0917168243049584,0.0742333046718257,0,8,0,0,0,4.10148822633358,"A[Ins(T):R2]G",0.488276102062018
"A[Ins(C):R2]T",2466,0.353396388650043,0.237030667813127,0,103,0,0,0,4.181364071469,"G[Ins(C):R1]T",0.868398064959127
"A[Ins(C):R3]A",3619,0.518629979936945,0.265405560332473,0,75,0,0,1,3.62159438104069,"A[Ins(C):R3]T",0.816761234863795
"A[Ins(C):R3]G",1349,0.193321868730295,0.103324734881055,0,16,0,0,0,4.3412166155266,"C[Ins(T):R2]G",0.813498345851104
"A[Ins(C):R3]T",2636,0.377758670106048,0.20335339638865,0,46,0,0,0,4.08277922186031,"A[Ins(C):R3]A",0.816761234863795
"A[Ins(C):R4]A",8565,1.2274290627687,0.284322155345371,0,1940,0,0,1,19.3067223065032,"T[Ins(C):R5]A",0.997553820053901
"A[Ins(C):R4]G",2797,0.400831183720264,0.102321582115219,0,103,0,0,0,7.43990849532679,"A[Ins(C):R7]G",0.878888408587089
"A[Ins(C):R4]T",5320,0.762396102034967,0.168243049584408,0,2228,0,0,0,35.0930814275083,"T[Ins(C):R4]T",0.999467703025799
"A[Ins(C):R5]A",7855,1.12568071080539,0.252364574376612,0,2188,0,0,1,23.5425953666081,"T[Ins(C):R5]A",0.998478573911188
"A[Ins(C):R5]G",1284,0.184006878761823,0.0776726855832617,0,143,0,0,0,10.5873775026881,"T[Ins(C):R6]G",0.962678012093518
"A[Ins(C):R5]T",4013,0.575093149899685,0.157781599312124,0,794,0,0,0,17.1245624493665,"T[Ins(C):R5]T",0.99530821019293
"A[Ins(C):R6]A",8040,1.15219260533104,0.283748925193465,0,870,0,0,1,10.393883128393,"G[Ins(C):R6]A",0.993257696895348
"A[Ins(C):R6]G",2141,0.306821438807681,0.100458584121525,0,274,0,0,0,11.8715085191024,"G[Ins(C):R6]A",0.984775092473725
"A[Ins(C):R6]T",3979,0.570220693608484,0.16079105760963,0,641,0,0,0,14.321308494843,"T[Ins(C):R6]T",0.993787290442587
"A[Ins(C):R7]A",22055,3.16064775007165,0.45743766122098,0,1636,0,0,1,8.39028518557069,"T[Ins(C):R7]A",0.99291310912778
"A[Ins(C):R7]G",4958,0.710518773287475,0.172398968185727,0,216,0,0,0,7.03118358247116,"T[Ins(C):R7]G",0.974673461433394
"A[Ins(C):R7]T",5599,0.80237890513041,0.182000573230152,0,603,0,0,0,10.5675156646571,"T[Ins(C):R7]T",0.99210337350733
"A[Ins(C):R8]A",12853,1.84193178561192,0.363427916308398,0,258,0,0,1,5.81328376103754,"T[Ins(C):R8]A",0.975959488708811
"A[Ins(C):R8]G",1525,0.218543995414159,0.0845514474061336,0,29,0,0,0,6.24876397853929,"A[Ins(C):R8]A",0.917776724526242
"A[Ins(C):R8]T",3499,0.501433075379765,0.1579249068501,0,86,0,0,0,5.93038480636524,"A[Ins(C):R8]A",0.964409221630579
"A[Ins(C):R(9,)]A",2206,0.316136428776154,0.130696474634566,0,31,0,0,0,5.28123267466302,"T[Ins(C):R(9,)]A",0.903322665201317
"A[Ins(C):R(9,)]G",149,0.0213528231584981,0.0173402120951562,0,4,0,0,0,8.38799681875534,"T[Ins(C):R8]A",0.580220986967156
"A[Ins(C):R(9,)]T",404,0.057896245342505,0.0395528804815133,0,6,0,0,0,5.97388707552486,"T[Ins(C):R(9,)]A",0.669511429070419
"G[Ins(C):R0]A",6722,0.963313270278017,0.287761536256807,0,83,0,0,1,5.28290858553076,"G[Ins(T):R0]A",0.777758832509526
"G[Ins(C):R0]G",2140,0.306678131269705,0.177414732014904,0,52,0,0,0,3.85340785505769,"T[Ins(C):R0]G",0.7592839180605
"G[Ins(C):R0]T",3186,0.456577815993121,0.255947262826025,0,35,0,0,1,2.7659643060548,"A[Ins(T):R3]G",0.624665315072833
"G[Ins(C):R1]A",4208,0.603038119805102,0.337059329320722,0,138,0,0,1,3.68141117540434,"G[Ins(C):R1]T",0.819735389025761
"G[Ins(C):R1]G",1029,0.147463456577816,0.11049011177988,0,21,0,0,0,3.73743251867844,"G[Ins(C):R1]A",0.570187950434064
"G[Ins(C):R1]T",3045,0.436371453138435,0.262396102034967,0,211,0,0,1,6.19042473003555,"A[Ins(C):R1]T",0.892383339778639
"G[Ins(C):R2]A",2078,0.297793063915162,0.212811693895099,0,72,0,0,0,3.68880852475266,"G[Ins(C):R1]T",0.834744063659565
"G[Ins(C):R2]G",939,0.134565778159931,0.0993121238177128,0,11,0,0,0,3.7330742736025,"C[Ins(T):R1]G",0.632048310909368
"G[Ins(C):R2]T",2207,0.31627973631413,0.212668386357122,0,97,0,0,0,4.4381070423841,"G[Ins(C):R1]T",0.868892995865416
"G[Ins(C):R3]A",2243,0.321438807681284,0.176841501862998,0,30,0,0,0,3.55177224798591,"G[Ins(C):R3]T",0.757835879856935
"G[Ins(C):R3]G",1449,0.207652622527945,0.107910576096303,0,21,0,0,0,4.5331138828303,"C[Ins(T):R2]G",0.807530940329496
"G[Ins(C):R3]T",1852,0.265405560332473,0.150329607337346,0,27,0,0,0,4.04630196454877,"A[Ins(C):R3]T",0.774610104937393
"G[Ins(C):R4]A",7207,1.03281742619662,0.206362854686157,0,1939,0,0,0,22.8807381227339,"T[Ins(C):R4]A",0.99872388305154
"G[Ins(C):R4]G",1535,0.219977070793924,0.105331040412726,0,100,0,0,0,7.25967040649691,"Ins2:U2:R4",0.916116952516251
"G[Ins(C):R4]T",5692,0.815706506162224,0.161650902837489,0,2613,0,0,0,38.4482569912616,"T[Ins(C):R4]T",0.999683465959476
"G[Ins(C):R5]A",5242,0.7512181140728,0.199770707939238,0,879,0,0,0,14.647004230736,"T[Ins(C):R5]T",0.995053753059793
"G[Ins(C):R5]G",1536,0.2201203783319,0.0935798222986529,0,125,0,0,0,8.45591752352498,"G[Ins(C):R6]T",0.957095433129424
"G[Ins(C):R5]T",5768,0.826597879048438,0.200773860705073,0,512,0,0,0,9.2730384930077,"G[Ins(C):R6]T",0.984946017427595
"G[Ins(C):R6]A",10707,1.53439380911436,0.285325308111207,0,1284,0,0,1,11.3917926714575,"A[Ins(C):R6]A",0.993257696895348
"G[Ins(C):R6]G",4875,0.698624247635426,0.165233591286902,0,283,0,0,0,7.78444392847365,"G[Ins(C):R7]A",0.97366034982638
"G[Ins(C):R6]T",6677,0.956864431069074,0.190599025508742,0,769,0,0,0,11.2220670081891,"G[Ins(C):R6]A",0.990367214991294
"G[Ins(C):R7]A",17490,2.50644883920894,0.375752364574377,0,1075,0,0,1,7.85121927288523,"T[Ins(C):R7]A",0.987747858356606
"G[Ins(C):R7]G",5935,0.850530237890513,0.185583261679564,0,209,0,0,0,6.86102717247445,"T[Ins(C):R7]G",0.97322813929498
"G[Ins(C):R7]T",6221,0.891516193751791,0.183433648609917,0,545,0,0,0,9.36501711440212,"Ins2:U2:R4",0.987869016231706
"G[Ins(C):R8]A",10383,1.48796216680997,0.306104901117799,0,246,0,0,1,6.06172566599083,"A[Ins(C):R8]A",0.973516743817812
"G[Ins(C):R8]G",2078,0.297793063915162,0.0908569790770995,0,48,0,0,0,6.60777188125604,"G[Ins(C):R8]A",0.956067521286018
"G[Ins(C):R8]T",3089,0.442676984809401,0.115649183147034,0,102,0,0,0,6.81679647488312,"G[Ins(C):R8]A",0.962143355520312
"G[Ins(C):R(9,)]A",1541,0.220836916021783,0.0991688162797363,0,23,0,0,0,5.57530793186573,"A[Ins(C):R(9,)]A",0.859124778840143
"G[Ins(C):R(9,)]G",366,0.0524505588993981,0.0375465749498424,0,7,0,0,0,6.00786863376446,"A[Ins(C):R(9,)]A",0.684417896179078
"G[Ins(C):R(9,)]T",473,0.0677844654628833,0.0471481799942677,0,7,0,0,0,5.48637079495064,"A[Ins(C):R8]A",0.703515356203703
"T[Ins(C):R0]A",3199,0.458440813986816,0.285038693035254,0,32,0,0,1,2.53276670970433,"Ins2:U2:R0",0.662371695923713
"T[Ins(C):R0]G",2410,0.345371166523359,0.197764402407567,0,72,0,0,0,3.78738174633877,"G[Ins(C):R0]G",0.7592839180605
"T[Ins(C):R0]T",22066,3.1622241329894,0.647893379191745,0,217,0,1,3,2.72452668390415,"A[Ins(T):R0]A",0.867371575324152
"T[Ins(C):R1]A",4273,0.612353109773574,0.365577529378045,0,169,0,0,1,4.02225365062487,"T[Ins(C):R2]A",0.870074274869148
"T[Ins(C):R1]G",780,0.111779879621668,0.0908569790770995,0,24,0,0,0,4.49170962968497,"T[Ins(C):R1]A",0.637957540645271
"T[Ins(C):R1]T",7424,1.06391516193752,0.474491258240183,0,210,0,0,1,3.64199003308908,"T[Ins(C):R1]A",0.862065648537184
"T[Ins(C):R2]A",3000,0.429922613929493,0.273287474921181,0,106,0,0,1,3.8888170298859,"T[Ins(C):R1]A",0.870074274869148
"T[Ins(C):R2]G",736,0.105474347950702,0.084981370020063,0,17,0,0,0,4.22323275132277,"T[Ins(C):R3]A",0.632511894351183
"T[Ins(C):R2]T",3928,0.562912009171682,0.312840355402694,0,131,0,0,1,4.0871442163262,"T[Ins(C):R1]T",0.859338276641385
"T[Ins(C):R3]A",3923,0.5621954714818,0.270134709085698,0,97,0,0,1,3.72824301213029,"T[Ins(C):R3]T",0.851698023478818
"T[Ins(C):R3]G",1377,0.197334479793637,0.111063341931786,0,17,0,0,0,4.36275965024402,"C[Ins(T):R2]G",0.807895299010579
"T[Ins(C):R3]T",4315,0.618372026368587,0.296359988535397,0,104,0,0,1,3.84921531575303,"T[Ins(C):R3]A",0.851698023478818
"T[Ins(C):R4]A",19593,2.80782459157352,0.343078245915735,0,6173,0,0,1,26.6573145862846,"G[Ins(C):R4]A",0.99872388305154
"T[Ins(C):R4]G",1501,0.215104614502723,0.0911435941530525,0,160,0,0,0,10.145697706904,"T[Ins(C):R6]G",0.966685525177361
"T[Ins(C):R4]T",15688,2.24820865577529,0.272857552307251,0,7786,0,0,1,41.550976294276,"G[Ins(C):R4]T",0.999683465959476
"T[Ins(C):R5]A",8782,1.2585267985096,0.261822871883061,0,2246,0,0,1,21.6939965865775,"A[Ins(C):R5]A",0.998478573911188
"T[Ins(C):R5]G",1708,0.244769274863858,0.101175121811407,0,243,0,0,0,12.6461762106152,"G[Ins(C):R5]A",0.985930897008775
"T[Ins(C):R5]T",8787,1.25924333619948,0.28274577242763,0,1678,0,0,1,16.5411365241918,"A[Ins(C):R5]T",0.99530821019293
"T[Ins(C):R6]A",10483,1.50229292060762,0.290627687016337,0,1783,0,0,1,15.0167047155306,"T[Ins(C):R6]T",0.995413976897485
"T[Ins(C):R6]G",2947,0.422327314416738,0.124534250501576,0,382,0,0,0,12.0143183279118,"G[Ins(C):R6]A",0.986561538024776
"T[Ins(C):R6]T",6089,0.872599598738894,0.191458870736601,0,1132,0,0,0,16.3099415311763,"T[Ins(C):R6]A",0.995413976897485
"T[Ins(C):R7]A",16972,2.43221553453712,0.385640584694755,0,1233,0,0,1,8.31397501635154,"A[Ins(C):R7]A",0.99291310912778
"T[Ins(C):R7]G",4882,0.699627400401261,0.176124964173116,0,197,0,0,0,6.98729137666091,"A[Ins(C):R7]G",0.974673461433394
"T[Ins(C):R7]T",6852,0.981943250214961,0.218114072800229,0,761,0,0,0,10.7458014669549,"A[Ins(C):R7]T",0.99210337350733
"T[Ins(C):R8]A",10761,1.54213241616509,0.323875035826884,0,238,0,0,1,5.96186869742913,"A[Ins(C):R8]A",0.975959488708811
"T[Ins(C):R8]G",1859,0.266408713098309,0.0954428202923474,0,35,0,0,0,6.26978635253135,"A[Ins(C):R8]A",0.94515487036786
"T[Ins(C):R8]T",3736,0.535396961880195,0.170535970192032,0,112,0,0,0,6.06157400940901,"T[Ins(C):R8]A",0.958371799823175
"T[Ins(C):R(9,)]A",2670,0.382631126397248,0.153482373172829,0,53,0,0,0,5.27584357669254,"A[Ins(C):R(9,)]A",0.903322665201317
"T[Ins(C):R(9,)]G",388,0.0556033247348811,0.0333906563485239,0,10,0,0,0,6.91151513300281,"T[Ins(C):R(9,)]A",0.812076973538258
"T[Ins(C):R(9,)]T",886,0.126970478647177,0.0679277730008599,0,15,0,0,0,5.78901926673106,"T[Ins(C):R(9,)]A",0.827425348761187
"A[Ins(T):R0]A",39471,5.65649183147034,0.773287474921181,0,295,1,2,5,2.66808569279942,"Ins(2,4):M",0.889778933728046
"A[Ins(T):R0]C",4043,0.57939237603898,0.333763255947263,0,34,0,0,1,2.36539331633779,"G[Ins(T):R0]G",0.718008613286411
"A[Ins(T):R0]G",11132,1.59529951275437,0.440957294353683,0,924,0,0,1,7.78363639824277,"C[Ins(T):R4]G",0.849936585131919
"A[Ins(T):R1]A",19196,2.75093149899685,0.771997707079392,0,160,1,2,4,1.56422358778301,"A[Ins(T):R2]A",0.709740591152237
"A[Ins(T):R1]C",5452,0.781312697047865,0.4067067927773,0,178,0,0,1,3.42631264023408,"G[Ins(C):R1]T",0.831286556460683
"A[Ins(T):R1]G",16425,2.35382631126397,0.552450558899398,0,243,0,1,2,2.95467497453077,"C[Ins(T):R1]G",0.868918256465617
"A[Ins(T):R2]A",13634,1.95385497277157,0.623387790197764,0,126,0,1,2,2.25644214090309,"A[Ins(T):R3]A",0.854468324691439
"A[Ins(T):R2]C",6635,0.950845514474061,0.416165090283749,0,112,0,0,1,3.06256245812853,"A[Ins(T):R3]C",0.827326947300976
"A[Ins(T):R2]G",23185,3.3225852679851,0.520636285468616,0,288,0,1,2,3.59810159534763,"G[Ins(T):R2]G",0.940386177278539
"A[Ins(T):R3]A",10967,1.57165376898825,0.549584408139868,0,121,0,1,2,2.69759041342902,"A[Ins(T):R8]G",0.863414031380918
"A[Ins(T):R3]C",5954,0.853253081112067,0.362854686156492,0,73,0,0,1,3.31130151720536,"C[Ins(T):R2]C",0.872112684982843
"A[Ins(T):R3]G",13658,1.957294353683,0.450558899398108,0,120,0,0,1,3.22549912926954,"A[Ins(T):R2]G",0.931629063348284
"A[Ins(T):R4]A",17385,2.49140154772141,0.539839495557466,0,1354,0,1,2,8.29124014448299,"C[Ins(T):R7]C",0.98153193520993
"A[Ins(T):R4]C",18881,2.70578962453425,0.533104041272571,0,4077,0,1,2,18.4620454035431,"G[Ins(T):R4]C",0.993041423865156
"A[Ins(T):R4]G",16935,2.42691315563199,0.549011177987962,0,624,0,1,2,5.23570204701022,"A[Ins(T):R7]C",0.966333432494884
"A[Ins(T):R5]A",48754,6.98681570650616,0.718543995414159,0,2773,0,2,4,9.14314909452464,"G[Ins(T):R5]C",0.98881910435485
"A[Ins(T):R5]C",43290,6.20378331900258,0.743479507022069,0,1724,0,2,4,6.3486896190894,"A[Ins(T):R5]G",0.992134854226281
"A[Ins(T):R5]G",44406,6.36371453138435,0.743336199484093,0,1876,0,2,4,6.76415756276802,"A[Ins(T):R5]C",0.992134854226281
"A[Ins(T):R6]A",96087,13.7699914015477,0.850100315276584,0,4784,1,4,8,7.42776140062311,"A[Ins(T):R5]C",0.987745838401803
"A[Ins(T):R6]C",90079,12.9089997133849,0.868300372599599,0,2956,2,4,9,5.53679072429649,"G[Ins(T):R6]A",0.988704280602525
"A[Ins(T):R6]G",114318,16.3826311263972,0.870020063055317,0,3203,2,5,10,5.76373859362286,"C[Ins(T):R8]C",0.983096447456864
"A[Ins(T):R7]A",135226,19.3789051304099,0.866437374605904,0,4578,2,5,11,6.03417600335652,"G[Ins(T):R7]A",0.988551617824265
"A[Ins(T):R7]C",109247,15.6559186013184,0.874892519346518,0,4038,2,5,11,5.41774039333449,"A[Ins(T):R8]C",0.995335673873153
"A[Ins(T):R7]G",124038,17.7755803955288,0.868586987675552,0,4363,2,5,11,5.60601787362303,"A[Ins(T):R8]G",0.987565015912028
"A[Ins(T):R8]A",141856,20.329034107194,0.871453138435082,0,3886,2,5,12,5.47428894198242,"C[Ins(T):R8]A",0.995840703455564
"A[Ins(T):R8]C",118143,16.9307824591574,0.856119231871596,0,4523,1,4,10,5.81335781709758,"A[Ins(T):R7]C",0.995335673873153
"A[Ins(T):R8]G",129729,18.5911435941531,0.85841215247922,0,3634,2,5,11,5.40524376166624,"C[Ins(T):R8]G",0.99198138586877
"A[Ins(T):R(9,)]A",214002,30.6680997420464,0.872026368586988,0,7875,2,8,20,5.83084586872453,"C[Ins(T):R(9,)]A",0.9957692575151
"A[Ins(T):R(9,)]C",197591,28.3162797363141,0.878188592719977,0,7118,2,7,19,5.83656596761898,"A[Ins(T):R(9,)]A",0.992943015529579
"A[Ins(T):R(9,)]G",164553,23.5816852966466,0.842218400687876,0,5605,1,6,15,5.65231917922109,"C[Ins(T):R(9,)]G",0.995809443852521
"C[Ins(T):R0]A",5777,0.827887646890226,0.405703640011465,0,42,0,0,1,2.16875804346243,"G[Ins(T):R0]G",0.714392409155896
"C[Ins(T):R0]C",7968,1.14187446259673,0.408569790770995,0,80,0,0,1,3.0579418749111,"Ins2:U1:R1",0.699656583035168
"C[Ins(T):R0]G",3008,0.431069074233305,0.238177128116939,0,48,0,0,0,3.10972186099875,"G[Ins(T):R0]G",0.755640140151679
"C[Ins(T):R1]A",8601,1.23258813413586,0.584408139868157,0,138,0,1,2,2.07236153808993,"T[Ins(C):R1]T",0.710317048103007
"C[Ins(T):R1]C",7057,1.01132129550014,0.45786758383491,0,116,0,0,1,2.76613408121044,"T[Ins(C):R2]T",0.781222182466598
"C[Ins(T):R1]G",20177,2.89151619375179,0.609916881627974,0,300,0,1,2,3.63816251603514,"T[Del(C):R3]A",0.925134281742902
"C[Ins(T):R2]A",7281,1.04342218400688,0.441960447119518,0,78,0,0,1,3.29989349319064,"C[Ins(T):R2]C",0.931096515561978
"C[Ins(T):R2]C",10352,1.4835196331327,0.461450272284322,0,147,0,0,1,4.34701925776557,"C[Ins(T):R2]A",0.931096515561978
"C[Ins(T):R2]G",26359,3.7774433935225,0.456577815993121,0,401,0,0,1,4.79196365789281,"C[Ins(T):R3]G",0.925757725703128
"C[Ins(T):R3]A",7230,1.03611349957008,0.430065921467469,0,154,0,0,1,3.6884789977735,"C[Ins(T):R3]C",0.905229003017978
"C[Ins(T):R3]C",9773,1.40054456864431,0.501433075379765,0,188,0,1,1,3.98108969741113,"C[Ins(T):R3]A",0.905229003017978
"C[Ins(T):R3]G",15648,2.24247635425623,0.45743766122098,0,187,0,0,1,3.92518756287872,"C[Ins(T):R2]G",0.925757725703128
"C[Ins(T):R4]A",10869,1.55760963026655,0.37603897965033,0,959,0,0,1,11.0931667817976,"C[Ins(T):R5]C",0.982564215266917
"C[Ins(T):R4]C",13854,1.9853826311264,0.427916308397822,0,1749,0,0,1,13.484176347692,"A[Ins(T):R4]A",0.958495188975006
"C[Ins(T):R4]G",10607,1.52006305531671,0.377901977644024,0,729,0,0,1,8.68097540848313,"C[Ins(T):R5]G",0.982316130959074
"C[Ins(T):R5]A",23154,3.31814273430782,0.543565491544855,0,1708,0,1,2,10.6449244225647,"C[Ins(T):R5]C",0.990869087296527
"C[Ins(T):R5]C",23329,3.34322155345371,0.595299512754371,0,1580,0,1,2,9.2259706924214,"C[Ins(T):R5]A",0.990869087296527
"C[Ins(T):R5]G",19161,2.74591573516767,0.54542848953855,0,1128,0,1,2,7.93749889568838,"C[Ins(T):R5]C",0.983820919637572
"C[Ins(T):R6]A",41356,5.92662654055603,0.712238463743193,0,1943,0,2,4,6.65824665767195,"A[Ins(T):R5]A",0.974372558644771
"C[Ins(T):R6]C",59824,8.57323015190599,0.811550587560906,0,1740,1,3,6,4.98545294713727,"A[Ins(T):R7]C",0.983029759299546
"C[Ins(T):R6]G",52574,7.53425050157638,0.784322155345371,0,1447,1,2,5,4.95739271590444,"A[Ins(T):R7]G",0.980934960044788
"C[Ins(T):R7]A",58979,8.45213528231585,0.750071653768988,0,3125,1,2,5,6.46622841317248,"C[Ins(T):R7]G",0.989190748141393
"C[Ins(T):R7]C",54272,7.77758670106048,0.768988248781886,0,3634,1,2,5,7.27548780281496,"A[Ins(T):R4]A",0.98153193520993
"C[Ins(T):R7]G",70776,10.1427343078246,0.794067067927773,0,3685,1,3,6,6.34099260452832,"C[Ins(T):R7]A",0.989190748141393
"C[Ins(T):R8]A",76066,10.9008311837203,0.796789911149326,0,2221,1,3,7,5.55044635304218,"A[Ins(T):R8]A",0.995840703455564
"C[Ins(T):R8]C",81345,11.6573516766982,0.79134422470622,0,2834,1,3,6,6.54662030610194,"A[Ins(T):R6]G",0.983096447456864
"C[Ins(T):R8]G",100392,14.3869303525365,0.819432502149613,0,2739,1,3,8,5.65768951879048,"A[Ins(T):R8]A",0.993114309702964
"C[Ins(T):R(9,)]A",131239,18.8075379764976,0.803668672972198,0,4473,1,4,12,5.80219300898449,"A[Ins(T):R(9,)]A",0.9957692575151
"C[Ins(T):R(9,)]C",141991,20.3483806248209,0.834479793637145,0,6360,1,5,13,6.63596140132644,"A[Ins(T):R(9,)]C",0.991604816479154
"C[Ins(T):R(9,)]G",142569,20.4312123817713,0.809830897105188,0,5494,1,4,11,6.35664619970696,"A[Ins(T):R(9,)]G",0.995809443852521
"G[Ins(T):R0]A",6569,0.941387216967613,0.409859558612783,0,49,0,0,1,2.52083275988199,"G[Ins(C):R0]A",0.777758832509526
"G[Ins(T):R0]C",3406,0.488105474347951,0.252651189452565,0,76,0,0,1,3.46327875763463,"T[Ins(C):R0]G",0.654719072389304
"G[Ins(T):R0]G",11999,1.71954714817999,0.469762109486959,0,102,0,0,2,2.92800261687084,"G[Ins(T):R2]G",0.841621782532317
"G[Ins(T):R1]A",15746,2.25652049297793,0.782889079965606,0,76,1,2,3,1.22547676094462,"G[Ins(T):R2]C",0.668114589466378
"G[Ins(T):R1]C",3766,0.53969618801949,0.302235597592433,0,142,0,0,1,3.93252266354783,"G[Ins(C):R1]T",0.819104130954279
"G[Ins(T):R1]G",15234,2.18314703353396,0.554456864431069,0,126,0,1,2,2.91132093509207,"G[Ins(T):R2]G",0.840776433142615
"G[Ins(T):R2]A",4684,0.671252507881915,0.356979077099455,0,64,0,0,1,2.49998423566581,"G[Ins(T):R2]C",0.764630462047321
"G[Ins(T):R2]C",4289,0.614646030381198,0.286328460877042,0,76,0,0,1,3.41383527520839,"G[Ins(T):R2]A",0.764630462047321
"G[Ins(T):R2]G",19966,2.86127830323875,0.439524218973918,0,220,0,0,1,3.55789084878323,"G[Ins(T):R3]G",0.94411730252401
"G[Ins(T):R3]A",3872,0.554886787044999,0.321582115219261,0,41,0,0,1,2.37835026162474,"G[Ins(T):R2]C",0.743570303827855
"G[Ins(T):R3]C",3840,0.550300945829751,0.28804815133276,0,33,0,0,1,3.08487334111092,"C[Ins(T):R2]C",0.813493522765745
"G[Ins(T):R3]G",11519,1.65075952995128,0.409286328460877,0,119,0,0,1,3.19871103219982,"G[Ins(T):R2]G",0.94411730252401
"G[Ins(T):R4]A",4230,0.606190885640585,0.252077959300659,0,429,0,0,1,9.3205493924388,"T[Ins(C):R6]T",0.973535620648198
"G[Ins(T):R4]C",4107,0.588564058469475,0.236027515047291,0,755,0,0,0,15.6544404588432,"A[Ins(T):R4]C",0.993041423865156
"G[Ins(T):R4]G",9703,1.39051304098596,0.366150759529951,0,594,0,0,1,6.48461617829574,"Ins2:U2:R4",0.974665297936364
"G[Ins(T):R5]A",13628,1.95299512754371,0.449842361708226,0,650,0,0,1,7.61515034924456,"A[Ins(T):R6]A",0.983031467983649
"G[Ins(T):R5]C",14417,2.06606477500717,0.449412439094296,0,785,0,0,1,8.58060486688751,"A[Ins(T):R5]A",0.98881910435485
"G[Ins(T):R5]G",17807,2.55187732874749,0.507595299512754,0,753,0,1,2,6.61736347062714,"A[Ins(T):R5]G",0.986246135236073
"G[Ins(T):R6]A",43951,6.29850960160504,0.675838349097163,0,1847,0,1,3,6.84603423408691,"A[Ins(T):R6]C",0.988704280602525
"G[Ins(T):R6]C",61558,8.82172542275724,0.791917454858126,0,1972,1,2,5,5.67324881259049,"A[Ins(T):R6]C",0.983473188832464
"G[Ins(T):R6]G",87486,12.5374032674119,0.807824591573517,0,2167,1,3,6,5.87681805984636,"G[Ins(T):R7]C",0.983514732335084
"G[Ins(T):R7]A",68485,9.81441673832044,0.762109486959014,0,1897,1,2,5,5.75816701752701,"A[Ins(T):R8]A",0.991632252395978
"G[Ins(T):R7]C",67051,9.60891372886214,0.783605617655489,0,1543,1,2,6,5.41393586569931,"G[Ins(T):R8]C",0.989712843400066
"G[Ins(T):R7]G",101578,14.5568930925767,0.817999426769848,0,2742,1,3,7,5.88450928881174,"A[Ins(T):R8]G",0.987443266270057
"G[Ins(T):R8]A",75406,10.8062482086558,0.780452851820006,0,1477,1,2,6,5.36284300198617,"G[Ins(T):R8]C",0.994358384811552
"G[Ins(T):R8]C",75734,10.8532530811121,0.773144167383204,0,1709,1,2,6,5.57136156626485,"G[Ins(T):R8]A",0.994358384811552
"G[Ins(T):R8]G",109908,15.7506448839209,0.817569504155919,0,2042,1,3,8,5.53258637115464,"G[Ins(T):R8]A",0.992005939910203
"G[Ins(T):R(9,)]A",94708,13.5723703066781,0.794210375465749,0,2396,1,3,9,4.99331609495756,"G[Ins(T):R(9,)]G",0.992087429328353
"G[Ins(T):R(9,)]C",99855,14.3099742046432,0.80481513327601,0,3164,1,4,10,5.24073403436294,"G[Ins(T):R(9,)]A",0.984793227415874
"G[Ins(T):R(9,)]G",79186,11.3479507022069,0.749355116079106,0,1827,0,3,7,5.25018257904436,"G[Ins(T):R(9,)]A",0.992087429328353
"Del2:U1:R1",27913,4.00014330753798,0.826024648896532,0,118,1,2,5,1.5274187055813,"G[Del(C):R1]T",0.613925093887507
"Del3:U1:R1",13327,1.90985955861278,0.559472628260246,0,222,0,1,2,4.80517983060838,"Del2:U1:R(5,9)",0.960217595736171
"Del4:U1:R1",9019,1.29249068501003,0.514903983949556,0,117,0,1,1,3.41388508649629,"Del3:U1:R1",0.946438177109907
"Del5:U1:R1",7341,1.05202063628547,0.490685010031528,0,45,0,0,1,2.0130698705304,"Del4:U1:R1",0.775369467753437
"Del6:U1:R1",5998,0.859558612783032,0.450272284322155,0,30,0,0,1,1.63001965598707,"Del5:M1",0.639993714748584
"Del7:U1:R1",5290,0.758096875895672,0.426053310404127,0,14,0,0,1,1.57206490867319,"Del6:U(2,):R1",0.568341129857592
"Del8:U1:R1",4416,0.632846087704213,0.389079965606191,0,18,0,0,1,1.65173555083796,"Del(10,):U(2,):R1",0.56312961459394
"Del9:U1:R1",3984,0.570937231298366,0.36127830323875,0,12,0,0,1,1.70602790189464,"Del(10,):U(2,):R1",0.543264043012426
"Del(10,):U1:R1",32273,4.62496417311551,0.826454571510461,0,114,1,3,6,1.43079751319859,"Del(10,):U(2,):R1",0.911028009885375
"Del2:U(2,):R1",67367,9.65419891086271,0.905273717397535,0,747,2,4,8,3.6874337254447,"A[Del(T):R(9,)]G",0.965801826171277
"Del3:U(2,):R1",22772,3.2633992548008,0.770134709085698,0,129,1,2,4,2.25862822745871,"Del4:M1",0.919634648358717
"Del4:U(2,):R1",16929,2.42605331040413,0.731298366294067,0,77,0,1,3,1.60795944419256,"Del3:M1",0.845399115667922
"Del5:U(2,):R1",17612,2.52393235884208,0.719260533104041,0,55,0,2,4,1.28751539248602,"Del6:U(2,):R1",0.734643986567134
"Del6:U(2,):R1",14788,2.11923187159645,0.677128116938951,0,62,0,1,3,1.32493736662826,"Del5:U(2,):R1",0.734643986567134
"Del7:U(2,):R1",12584,1.80338205789625,0.641444539982803,0,41,0,1,3,1.31873567839253,"Del6:U(2,):R1",0.709915027614069
"Del8:U(2,):R1",11329,1.62353109773574,0.618945256520493,0,32,0,1,2,1.34926686914516,"Del6:U(2,):R1",0.691268214934886
"Del9:U(2,):R1",10342,1.48208655775294,0.599455431355689,0,44,0,1,2,1.40781286344521,"Del(10,):U(2,):R1",0.691433704605561
"Del(10,):U(2,):R1",80952,11.6010318142734,0.923617082258527,0,321,3,7,14,1.32033936031781,"Del(10,):U1:R1",0.911028009885375
"Del2:U1:R3",31534,4.51905990255087,0.828317569504156,0,160,1,3,5,2.31747287351787,"Del2:U1:R4",0.938131199845708
"Del2:U1:R4",17809,2.55216394382344,0.696331327027802,0,114,0,1,3,2.53842590891632,"Del2:U1:R3",0.938131199845708
"Del2:U1:R(5,9)",1140164,163.394095729435,0.739896818572657,0,32717,0,2,4,10.4564904958799,"Del3:U1:R(5,9)",0.969271061550022
"Del2:U2:R2",95745,13.7209802235598,0.9402407566638,0,1223,3,7,13,2.580778117206,"Del2:M1",0.934107475834941
"Del2:U2:R3",42813,6.13542562338779,0.814560045858412,0,388,1,2,5,3.31797305533508,"Del2:U2:R4",0.930858423547833
"Del2:U2:R4",46237,6.62611063341932,0.654055603324735,0,952,0,1,3,6.1564774904484,"Del2:U2:R(5,9)",0.974271055288595
"Del2:U2:R(5,9)",254147,36.4211808541129,0.79378045285182,0,6389,1,3,6,8.17081184720313,"Del3:U3:R(5,9)",0.983553075824181
"Del3:U1:R4",2207,0.31627973631413,0.238607050730868,0,6,0,0,0,2.05625377896562,"Del5:M1",0.381020315246913
"Del3:U1:R(5,9)",183736,26.3307537976498,0.455574663227286,0,7818,0,0,1,12.6467720085532,"Del4:U1:R(5,9)",0.973250005053086
"Del3:U3:R2",77109,11.0503009458298,0.938950988822012,0,465,3,6,11,2.6983117233834,"Del3:M2",0.974558386901098
"Del3:U3:R3",24355,3.4902550874176,0.72871883061049,0,193,0,1,3,3.48683098501306,"Del3:U3:R2",0.969601069982942
"Del3:U3:R4",8427,1.20765262252794,0.39524218973918,0,103,0,0,1,4.42589747257931,"Del3:U3:R3",0.951846930136506
"Del3:U3:R(5,9)",16826,2.41129263399255,0.439954141587848,0,302,0,0,1,6.05975625830946,"Del2:U2:R(5,9)",0.983553075824181
"Del4:U1:R(5,9)",31355,4.49340785325308,0.30811120664947,0,1970,0,0,1,13.7765323673559,"Del3:U1:R(5,9)",0.973250005053086
"Del4:U2:R3",1934,0.277156778446546,0.208799082831757,0,8,0,0,0,2.36196896925578,"Del4:M3",0.57048054235877
"Del4:U2:R4",4566,0.654342218400688,0.330897105187733,0,58,0,0,1,3.26710114188854,"Del4:U4:R3",0.876260581239623
"Del4:U2:R(5,9)",32687,4.68429349383778,0.518200057323015,0,1219,0,1,2,9.14166172066744,"Del(6,):U2:R(4,9)",0.975114038184891
"Del4:U4:R2",48705,6.97979363714531,0.911579249068501,0,265,2,4,8,2.04628210381538,"Del3:U3:R2",0.951187575566903
"Del4:U4:R3",14296,2.04872456291201,0.632702780166237,0,103,0,1,2,2.77622713997511,"Del3:M2",0.934337112333003
"Del4:U4:R4",8562,1.22699914015477,0.468185726569218,0,68,0,0,1,3.33128554236625,"Del4:U4:R3",0.927937527069682
"Del4:U4:R(5,9)",13020,1.865864144454,0.420177701347091,0,238,0,0,1,6.06112642274875,"Del3:U3:R(5,9)",0.979101940983016
"Del5:U1:R(5,9)",3722,0.533390656348524,0.107480653482373,0,260,0,0,0,12.4392207714031,"Del4:U1:R(5,9)",0.961726689269543
"Del5:U5:R2",10441,1.49627400401261,0.614216107767269,0,33,0,1,2,1.60659410568689,"Del4:M3",0.7862287691173
"Del5:U5:R3",2992,0.428776153625681,0.238607050730868,0,37,0,0,0,3.60704446192162,"Del2:U(2,):R1",0.873341137054465
"Del5:U5:R4",1747,0.250358268844941,0.127830323875036,0,30,0,0,0,4.98552572328056,"Del4:U4:R(5,9)",0.891002141864298
"Del5:U5:R(5,9)",1880,0.269418171395815,0.100745199197478,0,49,0,0,0,6.86790135018395,"Del4:U4:R(5,9)",0.923644693693527
"Del(6,):U1:R(7,9)",2697,0.386500429922614,0.0994554313556893,0,492,0,0,0,20.2456436489043,"C[Del(T):R5]G",0.391634067604966
"Del(6,):U2:R(4,9)",21848,3.13098308971052,0.460160504442534,0,903,0,0,2,9.45117580581079,"Del4:U2:R(5,9)",0.975114038184891
"Del(6,):U3:R(3,9)",3080,0.441387216967613,0.225566064775007,0,51,0,0,0,4.11746380217759,"Del4:U2:R(5,9)",0.907798085346561
"Del(6,):U(4,):R(2,9)",23874,3.4213241616509,0.749068501003153,0,133,0,2,4,2.0383957180846,"Del4:M1",0.848419198639428
"Ins(2,4):M",106013,15.1924620235024,0.835339638865004,0,1403,1,6,13,3.59833242871544,"Ins(5,):M",0.963564292509389
"Ins(5,):M",138180,19.8022355975924,0.824161650902837,0,1786,1,12,23,2.77387169243532,"Ins(2,4):M",0.963564292509389
"Ins2:U1:R0",6930,0.993121238177128,0.425336772714245,0,77,0,0,1,2.61770750472072,"Ins2:U2:R0",0.786644009919608
"Ins3:U1:R0",1210,0.173402120951562,0.132129550014331,0,18,0,0,0,3.29248631934825,"Ins2:U2:R0",0.616734859261947
"Ins4:U1:R0",435,0.0623387790197764,0.0558899398108341,0,4,0,0,0,4.37041843641218,"C[Ins(T):R0]C",0.302721897347806
"Ins2:U2:R0",18019,2.58225852679851,0.655918601318429,0,360,0,1,3,2.76799951589185,"A[Ins(T):R(9,)]G",0.888767657336136
"Ins3:U3:R0",8490,1.21668099742046,0.486242476354256,0,136,0,0,2,2.72914466183029,"Ins2:U2:R0",0.864215408171542
"Ins4:U2:R0",589,0.0844081398681571,0.0717970765262253,0,7,0,0,0,4.09919225547173,"G[Ins(T):R(9,)]C",0.467989998547025
"Ins4:U4:R0",6763,0.969188879335053,0.465032960733735,0,69,0,0,1,2.00379713322249,"Ins2:U2:R0",0.801401357999532
"Ins(5,):R0",90555,12.9772141014617,0.680137575236457,0,407,0,5,19,1.59836732106163,"Del5:U(2,):R1",0.580766869369652
"Ins2:U1:R1",11220,1.6079105760963,0.555603324734881,0,55,0,1,2,1.97952951383507,"T[Del(C):R1]T",0.753537671966264
"Ins2:U1:R2",6256,0.896531957580969,0.432932072226999,0,49,0,0,1,1.99516594456847,"Ins2:U1:R3",0.67941484277487
"Ins2:U1:R3",6420,0.920034393809114,0.44067067927773,0,39,0,0,1,2.11834071555899,"C[Ins(T):R3]G",0.767019042274793
"Ins2:U1:R4",3687,0.528374892519347,0.313556893092577,0,102,0,0,1,3.18415881658309,"G[Ins(C):R6]A",0.831727683919941
"Ins2:U1:R(5,9)",82154,11.7732874749212,0.52006305531671,0,13041,0,1,2,19.1321168940624,"Ins3:U1:R(5,9)",0.973184005136346
"Ins2:U2:R1",18934,2.713384924047,0.755230725136142,0,245,1,2,3,2.04857176103296,"Ins2:U2:R2",0.845372838752953
"Ins2:U2:R2",12580,1.80280882774434,0.603181427343078,0,160,0,1,2,3.17396892419769,"Ins2:U2:R3",0.906231924482338
"Ins2:U2:R3",11414,1.63571223846374,0.456721123531098,0,333,0,0,1,5.01667719954749,"G[Ins(C):R8]A",0.930781089130726
"Ins2:U2:R4",40249,5.76798509601605,0.594296359988535,0,3593,0,1,2,9.13612333958742,"Ins2:U2:R(5,9)",0.989828440705962
"Ins2:U2:R(5,9)",297665,42.6576382917741,0.893665806821439,0,22278,2,7,16,8.27239534168138,"Ins2:U2:R4",0.989828440705962
"Ins3:U1:R1",1022,0.14646030381198,0.120091716824305,0,8,0,0,0,3.06322129510253,"Ins2:U1:R0",0.3914020774886
"Ins3:U1:R2",935,0.133992548008025,0.109486959014044,0,6,0,0,0,3.1912597794643,"Ins2:U1:R2",0.393468289959236
"Ins3:U1:R3",923,0.132272857552307,0.11292633992548,0,9,0,0,0,3.15995651396059,"Ins2:U1:R4",0.381406661506231
"Ins3:U1:R4",713,0.102178274577243,0.09042705646317,0,7,0,0,0,3.47208747069878,"Ins2:U2:R1",0.411980466922374
"Ins3:U1:R(5,9)",8596,1.23187159644597,0.21481799942677,0,2169,0,0,0,25.5880841101521,"Ins4:U1:R(5,9)",0.974711733072708
"Ins3:U3:R1",14197,2.03453711665234,0.707079392376039,0,337,0,1,3,2.30404993318842,"Ins4:U4:R1",0.917586055876425
"Ins3:U3:R2",3243,0.464746345657782,0.305818286041846,0,59,0,0,1,2.48527138986722,"Ins4:U4:R1",0.715498011605954
"Ins3:U3:R3",1353,0.193895098882201,0.107050730868444,0,92,0,0,0,7.00703270901032,"Ins2:U2:R4",0.941491380189453
"Ins3:U3:R4",3386,0.485239323588421,0.145457151046145,0,340,0,0,0,9.95963603911649,"Ins2:U2:R4",0.977314698013749
"Ins3:U3:R(5,9)",21631,3.09988535396962,0.443250214961307,0,1095,0,0,1,7.22553272292052,"G[Ins(C):R6]G",0.95779057660109
"Ins4:U1:R1",316,0.0452851820005732,0.0421324161650903,0,3,0,0,0,4.97188230446146,"Ins2:U2:R0",0.322491202181126
"Ins4:U1:R2",241,0.0345371166523359,0.0292347377472055,0,8,0,0,0,6.88652653682135,"C[Ins(T):R0]C",0.404328293943982
"Ins4:U1:R3",1328,0.190312410432789,0.130696474634566,0,21,0,0,0,3.71697759515528,"C[Ins(T):R0]C",0.54501949318167
"Ins4:U1:R4",370,0.0530237890513041,0.0498710232158212,0,4,0,0,0,4.56276129642361,"G[Del(T):R3]G",0.27811894044574
"Ins4:U1:R(5,9)",2090,0.29951275437088,0.140728002292921,0,387,0,0,0,16.9876481999746,"Ins3:U1:R(5,9)",0.974711733072708
"Ins4:U2:R1",366,0.0524505588993981,0.0457151046145027,0,6,0,0,0,4.99452271862364,"Ins(5,):M",0.411865668729543
"Ins4:U2:R2",1559,0.22341645170536,0.168386357122385,0,20,0,0,0,3.22794143675098,"Ins2:U2:R2",0.706477072450866
"Ins4:U2:R3",971,0.139151619375179,0.085267985096016,0,24,0,0,0,5.88691395441565,"Ins2:U2:R2",0.800046009525355
"Ins4:U2:R4",1082,0.15505875609057,0.0653482373172829,0,134,0,0,0,12.2186480002461,"Ins4:U2:R(5,9)",0.950823070013026
"Ins4:U2:R(5,9)",20925,2.99871023215821,0.292777300085985,0,4419,0,0,1,18.9617291443001,"T[Ins(C):R6]T",0.97605811449269
"Ins4:U4:R1",16940,2.42762969332187,0.740470048724563,0,532,0,2,3,2.91904256153929,"Ins3:U3:R1",0.917586055876425
"Ins4:U4:R2",2356,0.337632559472628,0.215821152192605,0,22,0,0,0,2.97610031640879,"Ins2:U2:R2",0.777717559532275
"Ins4:U4:R3",1896,0.271711092003439,0.148896531957581,0,67,0,0,0,4.97734598346991,"Ins3:U3:R(5,9)",0.895998155525639
"Ins4:U4:R4",4040,0.57896245342505,0.249498423617082,0,148,0,0,0,4.90825911751145,"Ins3:U3:R(5,9)",0.94796567188204
"Ins4:U4:R(5,9)",11349,1.62639724849527,0.462883347664087,0,231,0,0,1,4.34846697924228,"Ins3:U3:R(5,9)",0.927957706869814
"Ins(5,):U1:R1",670,0.0960160504442534,0.0842648323301806,0,5,0,0,0,3.53476442714851,"Ins(5,):R0",0.384088980991409
"Ins(5,):U1:R2",375,0.0537403267411866,0.0494411006018917,0,3,0,0,0,4.55924820891247,"Ins2:U1:R0",0.194769671067709
"Ins(5,):U1:R3",378,0.0541702493551161,0.0497277156778447,0,4,0,0,0,4.62280493675596,"Ins(5,):M",0.342375097054106
"Ins(5,):U1:R4",520,0.0745199197477787,0.0656348523932359,0,6,0,0,0,4.09984094753193,"C[Ins(T):R0]C",0.384277134994327
"Ins(5,):U1:R(5,9)",1803,0.258383490971625,0.14445399828031,0,61,0,0,0,5.74788374334366,"Ins2:U2:R3",0.840245451979306
"Ins(5,):U2:R1",390,0.0558899398108341,0.0458584121524792,0,11,0,0,0,5.57019653278249,"Ins(2,4):M",0.555458461999659
"Ins(5,):U2:R2",272,0.0389796503296073,0.029951275437088,0,9,0,0,0,6.84982559513338,"Ins(5,):M",0.651033694137206
"Ins(5,):U2:R3",523,0.0749498423617082,0.0441387216967613,0,11,0,0,0,6.89225871929953,"Del2:U1:R(5,9)",0.806284170575951
"Ins(5,):U2:R4",497,0.0712238463743193,0.0379764975637719,0,23,0,0,0,8.50073885935545,"Ins2:U2:R3",0.825910658457408
"Ins(5,):U2:R(5,9)",15437,2.21223846374319,0.38377758670106,0,2149,0,0,1,13.5962005440164,"Ins4:U2:R(5,9)",0.972556189037321
"Ins(5,):U(3,):R1",59955,8.59200343938091,0.941530524505589,0,117,3,6,11,1.03348371389261,"Del(7,):M(6,)",0.553054141748184
"Ins(5,):U(3,):R2",3584,0.513614216107767,0.317139581541989,0,20,0,0,1,2.19938789024361,"Ins(5,):M",0.677220801881939
"Ins(5,):U(3,):R3",1713,0.24548581255374,0.170679277730009,0,18,0,0,0,3.0968880243182,"Ins(2,4):M",0.696726245707121
"Ins(5,):U(3,):R4",1685,0.241473201490398,0.168816279736314,0,26,0,0,0,3.27975341799535,"Ins4:U4:R(5,9)",0.76723159219078
"Ins(5,):U(3,):R(5,9)",5851,0.838492404700487,0.355259386643737,0,185,0,0,1,5.27359883232824,"Ins4:U4:R(5,9)",0.899553757119357
"Del2:M1",87304,12.5113212955001,0.931642304385211,0,795,3,6,12,2.90032340078047,"Del2:U2:R2",0.934107475834941
"Del3:M1",23324,3.34250501576383,0.795070220693608,0,150,1,2,4,1.90482839744041,"Del4:M1",0.905578258828926
"Del3:M2",59165,8.47879048437948,0.915448552593866,0,394,2,5,8,2.70561428442307,"Del3:U3:R2",0.974558386901098
"Del4:M1",31055,4.45041559186013,0.821725422757237,0,315,1,2,4,2.98132554436904,"Del2:U(2,):R1",0.948220110794027
"Del4:M2",36584,5.24276296933219,0.888220120378332,0,165,2,3,6,1.82522042399145,"Del4:M3",0.929399627971557
"Del4:M3",36858,5.28202923473775,0.890369733447979,0,163,1,3,6,1.84470930816993,"Del4:U4:R2",0.946202577792202
"Del5:M1",16739,2.39882487818859,0.714961306964746,0,72,0,1,3,1.40834277761032,"Del(7,):M1",0.738776170694155
"Del5:M2",15020,2.15247922040699,0.694611636572084,0,45,0,1,3,1.51006300390342,"Del6:M2",0.793671775067994
"Del5:M3",11919,1.70808254514187,0.617798796216681,0,49,0,1,2,1.90330953285707,"Del4:M2",0.810838020737165
"Del5:M4",9302,1.33304671825738,0.579678991114933,0,35,0,1,2,1.56092217585663,"Del5:M3",0.739061344211052
"Del6:M1",22091,3.16580682143881,0.724706219547148,0,200,0,2,4,2.75257600993738,"Del4:M1",0.94275410737785
"Del6:M2",12981,1.86027515047291,0.614359415305245,0,43,0,1,2,1.77221704317101,"Del(7,):M2",0.804194183016931
"Del6:M3",8190,1.17368873602752,0.471051877328747,0,40,0,0,1,2.11629656014354,"Del6:M2",0.775100400213623
"Del6:M4",6700,0.960160504442534,0.434365147606764,0,46,0,0,1,2.42120943328495,"Del6:M1",0.805088163475948
"Del6:M5",2858,0.40957294353683,0.243909429635999,0,43,0,0,0,2.9000657214355,"Del6:M4",0.692572038467549
"Del(7,):M1",152228,21.8154198910863,0.950415591860132,0,605,6,12,23.75,1.52293129720926,"Del(10,):U(2,):R1",0.881250267099302
"Del(7,):M2",144137,20.6559186013184,0.936514760676412,0,806,4,9,18,2.13584930615212,"Del(7,):M3",0.980125107545032
"Del(7,):M3",91018,13.0435654915449,0.887933505302379,0,623,2,5,10,2.46461631103229,"Del(7,):M4",0.980965077232216
"Del(7,):M4",50047,7.17211235310977,0.799656061908856,0,341,1,2,6,2.56292535585288,"Del(7,):M3",0.980965077232216
"Del(7,):M5",23839,3.41630839782173,0.64646030381198,0,155,0,1,3,2.54716901609607,"Del(7,):M3",0.965183408920535
"Del(7,):M(6,)",41024,5.87904843794784,0.834766408713098,0,221,1,3,7,1.70968526463945,"Del(7,):M5",0.792246631288046
"Complex(0,1)",0,0,0,0,0,0,0,0,0,NA,NA
"Complex(2,5)",0,0,0,0,0,0,0,0,0,NA,NA
"Complex(6,10)",0,0,0,0,0,0,0,0,0,NA,NA
"Complex(11,20)",0,0,0,0,0,0,0,0,0,NA,NA
"Complex(21,)",0,0,0,0,0,0,0,0,0,NA,NA
