"","Del(10,):U(2,):R1","Del(10,):U1:R1","Del5:U(2,):R1","Del5:U1:R1","Del6:U(2,):R1","Del6:U1:R1","Del7:U(2,):R1","Del7:U1:R1","Del8:U(2,):R1","Del8:U1:R1","Del9:U(2,):R1","Del9:U1:R1","Del2:U(2,):R1","Del2:U1:R1","Del3:U(2,):R1","Del3:U1:R1","Del4:U(2,):R1","Del4:U1:R1","Del2:U1:R3","Del2:U1:R4","Del2:U2:R2","Del2:U2:R3","Del2:U2:R4","Del3:U1:R4","Del4:U2:R3","Del4:U2:R4","Del(6,):U1:R(7,9)","Del(6,):U2:R(4,9)","Del2:U1:R(5,9)","Del2:U2:R(5,9)","Del3:U1:R(5,9)","Del4:U1:R(5,9)","Del4:U2:R(5,9)","Del5:U1:R(5,9)","Del(6,):U(4,):R(2,9)","Del3:U3:R2","Del4:U4:R2","Del5:U5:R2","Del(6,):U3:R(3,9)","Del3:U3:R(5,9)","Del3:U3:R3","Del3:U3:R4","Del4:U4:R(5,9)","Del4:U4:R3","Del4:U4:R4","Del5:U5:R(5,9)","Del5:U5:R3","Del5:U5:R4"
"Del(10,):U(2,):R1",1,0.911028009885375,0.608442769920019,0.411627111028556,0.654840421186928,0.553369547939842,0.680307332174234,0.551683667013944,0.66817617107777,0.56312961459394,0.691433704605561,0.543264043012426,0.144681866850015,0.282564404221623,0.293476739510721,0.135150576841037,0.455019328757781,0.209297872553481,0.174481218493644,0.170410475990949,0.157473143887346,0.124390799326061,0.0693227361229961,0.319536651462279,0.190717264420192,0.10204957241866,0.00513608764802472,0.0710907248805408,0.0547025023326395,0.0610608553571618,0.0505869108612633,0.048430005437894,0.0685409564749508,0.0486847976272785,0.2558068744321,0.118113683464159,0.135322455550461,0.235442019838045,0.131883629413684,0.0586353426957145,0.0866001138782605,0.078341171908355,0.064144684263617,0.108006413298682,0.0886854147766716,0.0773025324738097,0.121999769599429,0.0781616647924463
"Del(10,):U1:R1",0.911028009885375,1,0.539383922251871,0.344692598819364,0.592246099612477,0.504103905318279,0.628540071460322,0.524045012363176,0.614199110517834,0.53526248184535,0.638564218202595,0.527235204912836,0.0778821822213337,0.26177519479507,0.222947012953378,0.0660953361100112,0.38670325827179,0.13869813032783,0.126219961211439,0.121571430955438,0.112693653544668,0.0637585134342806,0.00469175774990284,0.290900750555573,0.155415781467076,0.0432863028274747,0.00025319175126894,0.00189484534474579,-0.0104140777916397,-0.00475695851156293,-0.0115950141319649,-0.00804313701759667,-0.000683939483022065,-0.00191659586343324,0.191425908285374,0.0650165678361491,0.0791437478470384,0.187433907013085,0.0667408557500687,-0.00552108955838215,0.0302787193054231,0.0154288275534636,-0.0020052658468649,0.0437339506297324,0.024486680301222,0.0110977001772999,0.0622647913274363,0.015308504640265
"Del5:U(2,):R1",0.608442769920019,0.539383922251871,1,0.640684278216258,0.734643986567134,0.637355536380384,0.688933738987703,0.552742362025406,0.663905103736617,0.523570681435366,0.652145836848506,0.479657684488743,0.456228582008422,0.371809845684991,0.588842273370408,0.444054656200659,0.661351271567361,0.497315893976699,0.405671330341089,0.392048343142602,0.369087525385536,0.388460296933028,0.359490451538905,0.364778190604132,0.308425428474166,0.372931730045201,0.0187753593021484,0.357102270320416,0.37825070509902,0.368083877640035,0.360773746402557,0.33256197487729,0.372690852561201,0.302018288477876,0.475914135283723,0.364233240771164,0.37802775810131,0.41013963729859,0.410759550791199,0.36028410104493,0.353898900310872,0.365948743564384,0.375258398975206,0.398301359920544,0.385289635469076,0.352214552687162,0.387770449357721,0.350212895502096
"Del5:U1:R1",0.411627111028556,0.344692598819364,0.640684278216258,1,0.559428030607426,0.571624284256107,0.498621254017515,0.397956276655459,0.475094392969863,0.347765977923272,0.450571028902143,0.310429165522451,0.696625469803787,0.359198059254555,0.764104041194829,0.737846455102598,0.745437495088453,0.775369467753437,0.51708912449968,0.509455406581512,0.505342446582157,0.582440988965784,0.598442270468567,0.279951704008547,0.34606291555075,0.555007783960345,0.049945464050251,0.65677074163752,0.679271096320806,0.625275119150886,0.704304853470445,0.689405266815109,0.673002709276082,0.642230194888787,0.658070434968343,0.537905507994794,0.521391991793124,0.469566427029851,0.668023046262584,0.622262074057801,0.544169773469639,0.587540696936768,0.637866820008926,0.594797852254656,0.588857174723,0.626189961432289,0.594567201406021,0.585983300700726
"Del6:U(2,):R1",0.654840421186928,0.592246099612477,0.734643986567134,0.559428030607426,1,0.623937631041439,0.709915027614069,0.568341129857592,0.691268214934886,0.557605217962867,0.673900818190012,0.504251753744235,0.304106944898376,0.342786769608378,0.45135945319315,0.29673763510844,0.567553395836772,0.364522785023813,0.293046381998939,0.277298857242768,0.262674571427352,0.256166403373948,0.217348416362298,0.360724560493084,0.247525627751493,0.235040837762849,0.00741995357091308,0.225920768480048,0.214649622854649,0.217919450111396,0.207003401765678,0.194895524848744,0.22952194443386,0.179673579595777,0.34683252232757,0.238819075202248,0.253117707001244,0.308134614379759,0.279432630752777,0.211893475253319,0.216389319642154,0.221634536948129,0.221232823430696,0.25445421312126,0.238764421180596,0.211754507457907,0.246190321087373,0.210890287332245
"Del6:U1:R1",0.553369547939842,0.504103905318279,0.637355536380384,0.571624284256107,0.623937631041439,1,0.56664687249521,0.472863074938759,0.566551035347076,0.459687160630541,0.553793406065139,0.401666127646716,0.379634015193922,0.303868264302295,0.50302048589381,0.385297991082948,0.573622639509699,0.445957301871562,0.318078007890422,0.30732815854036,0.295948427931802,0.310037683643218,0.293756020756135,0.320245362452996,0.240588573821557,0.302242197715817,0.0334512762033961,0.304222066004783,0.322598447141312,0.3012854540353,0.335517691630475,0.333367408055334,0.3154525908593,0.316709598019817,0.399988770391725,0.292271746607019,0.291623196333169,0.325727084679046,0.348001968604953,0.299109666850086,0.284789546252246,0.302827041604377,0.315021353204416,0.314833026110433,0.30919364482493,0.301695152887197,0.321069123051038,0.292699908209343
"Del7:U(2,):R1",0.680307332174234,0.628540071460322,0.688933738987703,0.498621254017515,0.709915027614069,0.56664687249521,1,0.566437002561338,0.67943022365782,0.549710929095629,0.667421194433028,0.510731792223818,0.24457702095312,0.302618938614485,0.390949169465937,0.230901953711847,0.515661535613725,0.2988018426481,0.252948895328846,0.249254657204345,0.222496161830666,0.208328360077358,0.160797552982977,0.340369809766488,0.22640727157997,0.202492741661698,-0.00493484416753231,0.158828585205185,0.156091469507899,0.159037411636004,0.142690416458581,0.12976697603281,0.163944617940962,0.114303470735181,0.29056295738474,0.195685106088334,0.214077291815219,0.274998975464544,0.213912035549828,0.150420854324982,0.17269605332635,0.165954192493146,0.162270367989534,0.207671929366878,0.187158298797008,0.153952777602053,0.198083255228238,0.158350482357
"Del7:U1:R1",0.551683667013944,0.524045012363176,0.552742362025406,0.397956276655459,0.568341129857592,0.472863074938759,0.566437002561338,1,0.548870552896181,0.462885816972813,0.534992917180635,0.423099990517671,0.181519329967456,0.264196769431438,0.298679577929068,0.162154728541857,0.411357997415585,0.218747960106882,0.20026231298792,0.192413062509105,0.173942645620024,0.149356137931985,0.112037024975003,0.290489928275419,0.175231519719343,0.137631885979189,0.0214157998493271,0.0944999773963355,0.0964017194540105,0.103787637614112,0.0888975879633414,0.0830587974179775,0.0994418787574371,0.08226153097492,0.221441401280803,0.14957374424365,0.162342637338227,0.225914907698568,0.145123381830761,0.0997157661478134,0.127207476805982,0.120704481612881,0.103986861134116,0.146261766446035,0.128728693681557,0.10085901419373,0.141271617621051,0.109032999587064
"Del8:U(2,):R1",0.66817617107777,0.614199110517834,0.663905103736617,0.475094392969863,0.691268214934886,0.566551035347076,0.67943022365782,0.548870552896181,1,0.531705719687708,0.652206468852514,0.513397524527108,0.211553968343894,0.299667240509074,0.354948433791109,0.202009922521439,0.482363918047444,0.265450061996564,0.219405181278848,0.213104788508275,0.193029863225582,0.17513709758436,0.128136578690458,0.342047671669235,0.2113986182739,0.167994520503697,0.00762862647475665,0.133149779635875,0.125159614351503,0.124396792675351,0.116534953275452,0.109329643666536,0.131363262317178,0.100922700156526,0.280291481756906,0.16383512613884,0.18390116302592,0.264169637695578,0.19266408435001,0.120375148145277,0.139638504434549,0.138896556844752,0.129754591594108,0.175257527780164,0.154171041723724,0.129871724647719,0.167544118839902,0.138740474796933
"Del8:U1:R1",0.56312961459394,0.53526248184535,0.523570681435366,0.347765977923272,0.557605217962867,0.459687160630541,0.549710929095629,0.462885816972813,0.531705719687708,1,0.538619059763042,0.41284963505391,0.113382647295846,0.257955071669747,0.239451718077711,0.0936664417821366,0.360827303645245,0.160391218999514,0.155041792068563,0.147893937878865,0.132173979108072,0.0891653645671698,0.0443890769295921,0.269513372770681,0.155432259190132,0.0807146551169691,0.0113236782831032,0.0324616142080446,0.0307379165998636,0.0386977607462795,0.0237330740950576,0.0240486764228512,0.0361832861449197,0.0264636386448567,0.160050641028483,0.0965885792090705,0.112133664608772,0.187799779021028,0.0826776093897909,0.0354877367584895,0.0678384070821879,0.0564381997270211,0.0385354283681132,0.0846618713565189,0.0576171063003152,0.0441844700959351,0.0821424121142227,0.0603562921979286
"Del9:U(2,):R1",0.691433704605561,0.638564218202595,0.652145836848506,0.450571028902143,0.673900818190012,0.553793406065139,0.667421194433028,0.534992917180635,0.652206468852514,0.538619059763042,1,0.495246958867648,0.201227334577979,0.283113793857469,0.338571473724378,0.184309094882747,0.469507352822624,0.25183103150107,0.21203151277265,0.204850044231851,0.191854331011137,0.16608890297667,0.116995089198052,0.322369691110474,0.187898141258299,0.158438969572817,-0.0086486849881994,0.112109585490308,0.109850381974313,0.114956717809681,0.0968515639384084,0.0858027268250303,0.114001808766208,0.074933015096014,0.261441538835316,0.155783105046894,0.175668789573747,0.251423465747251,0.168583467299054,0.11199365744624,0.131837123676682,0.127445913975422,0.120225379140847,0.161741917491972,0.143190882317031,0.120271740561609,0.165783675823995,0.123872749765267
"Del9:U1:R1",0.543264043012426,0.527235204912836,0.479657684488743,0.310429165522451,0.504251753744235,0.401666127646716,0.510731792223818,0.423099990517671,0.513397524527108,0.41284963505391,0.495246958867648,1,0.0720866125231761,0.214403390599735,0.18325945900462,0.0673773778218498,0.31038983777956,0.12114682647665,0.10462148219927,0.100806496514695,0.0943028146661597,0.06072150447645,0.0140159043976484,0.259733799940255,0.131677611360727,0.047019058556712,0.00553212179657322,0.0170521205777173,0.00207054944944813,0.00506730824055366,0.00266648431900991,0.00569369569439425,0.0126481432514488,0.0109330195757228,0.139562081867598,0.050226854255264,0.0698777051827347,0.147879657393555,0.0598760643871229,0.00239084258478262,0.0267314695812951,0.0166204653208583,0.00623762063603442,0.0437452944937478,0.0303707468936598,0.0177849013204999,0.0463111751690442,0.0171618337283002
"Del2:U(2,):R1",0.144681866850015,0.0778821822213337,0.456228582008422,0.696625469803787,0.304106944898376,0.379634015193922,0.24457702095312,0.181519329967456,0.211553968343894,0.113382647295846,0.201227334577979,0.0720866125231761,1,0.424217712693824,0.916146101973867,0.948932118046291,0.756748379051194,0.906878738059668,0.801940308924052,0.793268087385267,0.798703320687326,0.90601448932521,0.916523902291214,0.185407675500207,0.435988207724981,0.841761314563753,0.155065764635422,0.834392744642414,0.952247124183504,0.938504305677109,0.902915319654135,0.834387022563552,0.905556024385648,0.766078586384168,0.837271158627223,0.8273060177311,0.793422541705708,0.613352646792945,0.866636268421526,0.934221646956325,0.863963246761793,0.906353366391847,0.949423906894679,0.902706867741446,0.906919531165438,0.891803492493443,0.873341137054465,0.867449951624386
"Del2:U1:R1",0.282564404221623,0.26177519479507,0.371809845684991,0.359198059254555,0.342786769608378,0.303868264302295,0.302618938614485,0.264196769431438,0.299667240509074,0.257955071669747,0.283113793857469,0.214403390599735,0.424217712693824,1,0.396437097356176,0.320937797412363,0.414376820067725,0.344690137588081,0.560024434658769,0.503221882710424,0.553537946539425,0.476000916380898,0.335525438197647,0.278595451465847,0.318520430560249,0.394136291317927,0.0714985768256223,0.241831734083092,0.269088177055994,0.297695767299675,0.243112187385753,0.226264391569182,0.271993970786995,0.216954632841773,0.416789024722694,0.418961197475768,0.46171785963848,0.492571848552256,0.331695779598714,0.300576782666882,0.381528238755183,0.347607592300577,0.314933873831373,0.422031475766887,0.379827550741386,0.293109205315773,0.377620046821177,0.329232754610735
"Del3:U(2,):R1",0.293476739510721,0.222947012953378,0.588842273370408,0.764104041194829,0.45135945319315,0.50302048589381,0.390949169465937,0.298679577929068,0.354948433791109,0.239451718077711,0.338571473724378,0.18325945900462,0.916146101973867,0.396437097356176,1,0.910827192390966,0.842691637099483,0.899755004447569,0.728098668641362,0.716499530551789,0.686879927775778,0.801633154107374,0.820273276404166,0.266427455168824,0.432865771230802,0.761489827133433,0.0755892201198786,0.798605446949966,0.896142487359483,0.850705895741278,0.862346579118744,0.800082884054741,0.851285441112023,0.725009043300813,0.802781379264214,0.753540699513904,0.72749921379321,0.587880595983304,0.823319179097792,0.843021583633272,0.775243657168068,0.818112123804816,0.86585293349489,0.821745112975042,0.822649629380868,0.802514647669057,0.795081594530574,0.768220386872809
"Del3:U1:R1",0.135150576841037,0.0660953361100112,0.444054656200659,0.737846455102598,0.29673763510844,0.385297991082948,0.230901953711847,0.162154728541857,0.202009922521439,0.0936664417821366,0.184309094882747,0.0673773778218498,0.948932118046291,0.320937797412363,0.910827192390966,1,0.748879149418438,0.946438177109907,0.689261599004189,0.681504638362991,0.67125889850286,0.813129710872295,0.856650517434513,0.157989432847005,0.386161471068312,0.794460453184482,0.101926803329743,0.876085290857848,0.960217595736171,0.901138185380173,0.95496575350069,0.909494581404999,0.924998871556358,0.834651243048955,0.826976709404256,0.744645040568077,0.708807054675471,0.545216742036751,0.8662485725602,0.898226838184301,0.782377833418116,0.843786989034977,0.920254389282246,0.845617638089118,0.851277286598354,0.875919006959313,0.827765497288291,0.827013230155337
"Del4:U(2,):R1",0.455019328757781,0.38670325827179,0.661351271567361,0.745437495088453,0.567553395836772,0.573622639509699,0.515661535613725,0.411357997415585,0.482363918047444,0.360827303645245,0.469507352822624,0.31038983777956,0.756748379051194,0.414376820067725,0.842691637099483,0.748879149418438,1,0.780460353462089,0.632923018510658,0.620794438428891,0.599868016459341,0.668101284122653,0.669072755452783,0.323641250588828,0.409713035183998,0.627663264773359,0.0774224414133838,0.671853387604419,0.701854200359005,0.687799546978108,0.682503896370688,0.638912899815145,0.702642199018542,0.587795058283632,0.707143967713898,0.631952737905647,0.623313711827161,0.540269544414265,0.691521195557227,0.677146522388156,0.634007295274478,0.662518191397883,0.689540079463234,0.678044560136041,0.669510905782999,0.652408882139741,0.647096198149012,0.622891873075364
"Del4:U1:R1",0.209297872553481,0.13869813032783,0.497315893976699,0.775369467753437,0.364522785023813,0.445957301871562,0.2988018426481,0.218747960106882,0.265450061996564,0.160391218999514,0.25183103150107,0.12114682647665,0.906878738059668,0.344690137588081,0.899755004447569,0.946438177109907,0.780460353462089,1,0.666635484608561,0.651094503198679,0.649856720871482,0.770744170854371,0.805845587773727,0.200160089545287,0.390027884973682,0.755555698052902,0.0803055475256157,0.84789100376099,0.906393307165489,0.847779478052908,0.92372069040658,0.896241439558691,0.88855287944814,0.824362260216051,0.809272422388011,0.709222684970037,0.681036024279627,0.542260475199386,0.846411601853771,0.848216117028379,0.736265066667383,0.792494823209345,0.868959954707703,0.805142064113362,0.801539814364245,0.835977304286463,0.794819209169122,0.789505129244361
"Del2:U1:R3",0.174481218493644,0.126219961211439,0.405671330341089,0.51708912449968,0.293046381998939,0.318078007890422,0.252948895328846,0.20026231298792,0.219405181278848,0.155041792068563,0.21203151277265,0.10462148219927,0.801940308924052,0.560024434658769,0.728098668641362,0.689261599004189,0.632923018510658,0.666635484608561,1,0.938131199845708,0.880296490011979,0.866947949441561,0.78780003457899,0.232057140559028,0.550371558900117,0.794678844738619,0.201093615775547,0.559757885674892,0.687450434967771,0.753136055059187,0.604541851431908,0.548164931873657,0.649026562037053,0.526043079517595,0.697889372280505,0.92363544508009,0.918763939750906,0.730955368073436,0.664937973092808,0.764724313682043,0.897504919391229,0.835793682876848,0.786496795208365,0.868053606437345,0.832792385414519,0.699097057629614,0.749593943176038,0.761005232675507
"Del2:U1:R4",0.170410475990949,0.121571430955438,0.392048343142602,0.509455406581512,0.277298857242768,0.30732815854036,0.249254657204345,0.192413062509105,0.213104788508275,0.147893937878865,0.204850044231851,0.100806496514695,0.793268087385267,0.503221882710424,0.716499530551789,0.681504638362991,0.620794438428891,0.651094503198679,0.938131199845708,1,0.864366301127192,0.871136125775666,0.807657343777102,0.222184981521925,0.545631789346762,0.783300067732378,0.217661546532256,0.563919283020668,0.686052787364574,0.765964711271697,0.59781313352655,0.538516723769961,0.651493454889508,0.522028812562896,0.68990945699298,0.922067147851676,0.909102077265116,0.700936114566887,0.653369963180434,0.776716060547285,0.910999197486857,0.851078171464696,0.787964371577609,0.859946802375526,0.833421390730087,0.703656376026163,0.740048060086491,0.767231535314721
"Del2:U2:R2",0.157473143887346,0.112693653544668,0.369087525385536,0.505342446582157,0.262674571427352,0.295948427931802,0.222496161830666,0.173942645620024,0.193029863225582,0.132173979108072,0.191854331011137,0.0943028146661597,0.798703320687326,0.553537946539425,0.686879927775778,0.67125889850286,0.599868016459341,0.649856720871482,0.880296490011979,0.864366301127192,1,0.901649907575368,0.773803153649931,0.211535459622203,0.47116942946248,0.723368388167514,0.212096898601841,0.591119362132348,0.670534524108197,0.731735088546035,0.613620383963262,0.566698092725318,0.656720756928886,0.546768834772553,0.677719680627632,0.836770002054862,0.821022699463288,0.675563881880418,0.659519177508319,0.735624680487121,0.81529232507019,0.781320505456583,0.744030008323021,0.79406997495831,0.771626666828473,0.675865423393772,0.70554007094096,0.721382520840512
"Del2:U2:R3",0.124390799326061,0.0637585134342806,0.388460296933028,0.582440988965784,0.256166403373948,0.310037683643218,0.208328360077358,0.149356137931985,0.17513709758436,0.0891653645671698,0.16608890297667,0.06072150447645,0.90601448932521,0.476000916380898,0.801633154107374,0.813129710872295,0.668101284122653,0.770744170854371,0.866947949441561,0.871136125775666,0.901649907575368,1,0.930858423547833,0.174353027400091,0.468083944929196,0.794050607980259,0.235729075800068,0.749079639147378,0.825756685423326,0.892477048574653,0.764146511872477,0.705246909934977,0.815158736000178,0.677205289022876,0.77981628481948,0.879024630125068,0.841644577209389,0.646908757472302,0.786863736058675,0.882980861152486,0.895446947826174,0.89712908564021,0.880688936042272,0.873139214917853,0.876567476867287,0.808727560750699,0.799926071275007,0.823418334942529
"Del2:U2:R4",0.0693227361229961,0.00469175774990284,0.359490451538905,0.598442270468567,0.217348416362298,0.293756020756135,0.160797552982977,0.112037024975003,0.128136578690458,0.0443890769295921,0.116995089198052,0.0140159043976484,0.916523902291214,0.335525438197647,0.820273276404166,0.856650517434513,0.669072755452783,0.805845587773727,0.78780003457899,0.807657343777102,0.773803153649931,0.930858423547833,1,0.121367386549577,0.426176024719774,0.783485288362438,0.271070100151257,0.831297310026267,0.883164913817811,0.974271055288595,0.825611323172296,0.762641674061327,0.892539955124702,0.736231669403929,0.79472087183734,0.864186840578131,0.808116731757775,0.572818262153379,0.836432805657553,0.95648141413236,0.909923395497383,0.9474304074585,0.938458587810151,0.873441188970113,0.902369987638997,0.868688840783106,0.824924005633939,0.859457361685776
"Del3:U1:R4",0.319536651462279,0.290900750555573,0.364778190604132,0.279951704008547,0.360724560493084,0.320245362452996,0.340369809766488,0.290489928275419,0.342047671669235,0.269513372770681,0.322369691110474,0.259733799940255,0.185407675500207,0.278595451465847,0.266427455168824,0.157989432847005,0.323641250588828,0.200160089545287,0.232057140559028,0.222184981521925,0.211535459622203,0.174353027400091,0.121367386549577,1,0.180889125772716,0.151218989189656,0.0440772182568243,0.086086272168356,0.106089555129184,0.107744590961957,0.0930533030822778,0.0867644182376353,0.0963365581250249,0.0882147277545901,0.190021005999875,0.170840884724,0.187395069112542,0.192223734930964,0.140528377468482,0.113998971549793,0.147932773456138,0.138364387646976,0.120840973370018,0.16074299075002,0.15053742996907,0.104026147396705,0.14786627690321,0.122089106917073
"Del4:U2:R3",0.190717264420192,0.155415781467076,0.308425428474166,0.34606291555075,0.247525627751493,0.240588573821557,0.22640727157997,0.175231519719343,0.2113986182739,0.155432259190132,0.187898141258299,0.131677611360727,0.435988207724981,0.318520430560249,0.432865771230802,0.386161471068312,0.409713035183998,0.390027884973682,0.550371558900117,0.545631789346762,0.47116942946248,0.468083944929196,0.426176024719774,0.180889125772716,1,0.490005344875447,0.104548053386987,0.312007700677777,0.380715322080035,0.40639493098422,0.329686978377215,0.285542625887185,0.3635208736046,0.25885346351962,0.437827943810157,0.540483962799272,0.569700855843931,0.514246103654336,0.384947449626808,0.41615782110402,0.518555754447482,0.476371212585428,0.438078994693852,0.512384621103022,0.475382323047149,0.399462529514895,0.431447906333511,0.43323318908508
"Del4:U2:R4",0.10204957241866,0.0432863028274747,0.372931730045201,0.555007783960345,0.235040837762849,0.302242197715817,0.202492741661698,0.137631885979189,0.167994520503697,0.0807146551169691,0.158438969572817,0.047019058556712,0.841761314563753,0.394136291317927,0.761489827133433,0.794460453184482,0.627663264773359,0.755555698052902,0.794678844738619,0.783300067732378,0.723368388167514,0.794050607980259,0.783485288362438,0.151218989189656,0.490005344875447,1,0.135831405277542,0.684611398518733,0.79359883818515,0.793905525301188,0.737902317013913,0.678768409983024,0.755592593655109,0.614848600124409,0.749277579407201,0.821595666491507,0.831144949212707,0.658563807969502,0.737057836400258,0.80706280003524,0.831305395489826,0.820471660217686,0.833024179193658,0.876260581239623,0.840746839294292,0.775105638583519,0.805308126137786,0.794214050232515
"Del(6,):U1:R(7,9)",0.00513608764802472,0.00025319175126894,0.0187753593021484,0.049945464050251,0.00741995357091308,0.0334512762033961,-0.00493484416753231,0.0214157998493271,0.00762862647475665,0.0113236782831032,-0.0086486849881994,0.00553212179657322,0.155065764635422,0.0714985768256223,0.0755892201198786,0.101926803329743,0.0774224414133838,0.0803055475256157,0.201093615775547,0.217661546532256,0.212096898601841,0.235729075800068,0.271070100151257,0.0440772182568243,0.104548053386987,0.135831405277542,1,0.0592197827468228,0.0811465899593004,0.198539928905835,0.07352380735475,0.106686193001887,0.0762068879725471,0.279411994773925,0.148863004041497,0.276008925654411,0.226421645172771,0.132989133767563,0.107564640742365,0.1955410273034,0.258654915438075,0.242647683813062,0.164233541260912,0.152407792591777,0.182571768992688,0.134266193991485,0.136973138464075,0.221441911674597
"Del(6,):U2:R(4,9)",0.0710907248805408,0.00189484534474579,0.357102270320416,0.65677074163752,0.225920768480048,0.304222066004783,0.158828585205185,0.0944999773963355,0.133149779635875,0.0324616142080446,0.112109585490308,0.0170521205777173,0.834392744642414,0.241831734083092,0.798605446949966,0.876085290857848,0.671853387604419,0.84789100376099,0.559757885674892,0.563919283020668,0.591119362132348,0.749079639147378,0.831297310026267,0.086086272168356,0.312007700677777,0.684611398518733,0.0592197827468228,1,0.889304773489727,0.885321276124564,0.897724417588666,0.845667416248125,0.975114038184891,0.772553494531683,0.789325918655515,0.644747807994312,0.604167267063471,0.443474094978911,0.889721915001286,0.860990753086406,0.691473342348839,0.781762244840703,0.859077871495569,0.73265074976926,0.75633357990926,0.835104613239818,0.728541170061958,0.723844969414024
"Del2:U1:R(5,9)",0.0547025023326395,-0.0104140777916397,0.37825070509902,0.679271096320806,0.214649622854649,0.322598447141312,0.156091469507899,0.0964017194540105,0.125159614351503,0.0307379165998636,0.109850381974313,0.00207054944944813,0.952247124183504,0.269088177055994,0.896142487359483,0.960217595736171,0.701854200359005,0.906393307165489,0.687450434967771,0.686052787364574,0.670534524108197,0.825756685423326,0.883164913817811,0.106089555129184,0.380715322080035,0.79359883818515,0.0811465899593004,0.889304773489727,1,0.930004720004258,0.969271061550022,0.898981012073043,0.942838270769189,0.811460299185634,0.811110809725144,0.75692559045084,0.715803688816529,0.530412919065445,0.88121720984937,0.920472030886146,0.804582064359504,0.872650537753969,0.943571718815433,0.856385245974921,0.867818047756372,0.886883391100357,0.843920525720122,0.821285007873898
"Del2:U2:R(5,9)",0.0610608553571618,-0.00475695851156293,0.368083877640035,0.625275119150886,0.217919450111396,0.3012854540353,0.159037411636004,0.103787637614112,0.124396792675351,0.0386977607462795,0.114956717809681,0.00506730824055366,0.938504305677109,0.297695767299675,0.850705895741278,0.901138185380173,0.687799546978108,0.847779478052908,0.753136055059187,0.765964711271697,0.731735088546035,0.892477048574653,0.974271055288595,0.107744590961957,0.40639493098422,0.793905525301188,0.198539928905835,0.885321276124564,0.930004720004258,1,0.880715296715251,0.8146283171751,0.945720717973367,0.766906042199477,0.815853257005245,0.838928721746594,0.784019803305119,0.556924715783222,0.881227844406236,0.983553075824181,0.887739077447606,0.941607571192128,0.972256405527753,0.880489619164226,0.908334821985822,0.898441436499221,0.839631271986797,0.856968120099348
"Del3:U1:R(5,9)",0.0505869108612633,-0.0115950141319649,0.360773746402557,0.704304853470445,0.207003401765678,0.335517691630475,0.142690416458581,0.0888975879633414,0.116534953275452,0.0237330740950576,0.0968515639384084,0.00266648431900991,0.902915319654135,0.243112187385753,0.862346579118744,0.95496575350069,0.682503896370688,0.92372069040658,0.604541851431908,0.59781313352655,0.613620383963262,0.764146511872477,0.825611323172296,0.0930533030822778,0.329686978377215,0.737902317013913,0.07352380735475,0.897724417588666,0.969271061550022,0.880715296715251,1,0.973250005053086,0.935208989741819,0.899653534175878,0.789424685106985,0.687086739549068,0.64267998787929,0.483018156503673,0.868584090021535,0.876671659412935,0.726579381305034,0.80681798012049,0.89961579974466,0.794492616711344,0.802029331235292,0.854507525402549,0.796485430813524,0.777117815919444
"Del4:U1:R(5,9)",0.048430005437894,-0.00804313701759667,0.33256197487729,0.689405266815109,0.194895524848744,0.333367408055334,0.12976697603281,0.0830587974179775,0.109329643666536,0.0240486764228512,0.0858027268250303,0.00569369569439425,0.834387022563552,0.226264391569182,0.800082884054741,0.909494581404999,0.638912899815145,0.896241439558691,0.548164931873657,0.538516723769961,0.566698092725318,0.705246909934977,0.762641674061327,0.0867644182376353,0.285542625887185,0.678768409983024,0.106686193001887,0.845667416248125,0.898981012073043,0.8146283171751,0.973250005053086,1,0.880601724898127,0.961726689269543,0.743308534627825,0.635448653056194,0.589649946897664,0.446017336073803,0.813960166652923,0.815542565990655,0.662987277653502,0.741762192236577,0.835715669569799,0.734105906440298,0.737663991360219,0.797737543936904,0.73024820613099,0.725284317744092
"Del4:U2:R(5,9)",0.0685409564749508,-0.000683939483022065,0.372690852561201,0.673002709276082,0.22952194443386,0.3154525908593,0.163944617940962,0.0994418787574371,0.131363262317178,0.0361832861449197,0.114001808766208,0.0126481432514488,0.905556024385648,0.271993970786995,0.851285441112023,0.924998871556358,0.702642199018542,0.88855287944814,0.649026562037053,0.651493454889508,0.656720756928886,0.815158736000178,0.892539955124702,0.0963365581250249,0.3635208736046,0.755592593655109,0.0762068879725471,0.975114038184891,0.942838270769189,0.945720717973367,0.935208989741819,0.880601724898127,1,0.806301108165446,0.820872145560352,0.730269704989355,0.68844366368342,0.503180285949651,0.907798085346561,0.927289822217581,0.777096531900883,0.856502000020754,0.931028009961406,0.818829270285286,0.837928186924818,0.895817177055893,0.799030720075564,0.795698336167989
"Del5:U1:R(5,9)",0.0486847976272785,-0.00191659586343324,0.302018288477876,0.642230194888787,0.179673579595777,0.316709598019817,0.114303470735181,0.08226153097492,0.100922700156526,0.0264636386448567,0.074933015096014,0.0109330195757228,0.766078586384168,0.216954632841773,0.725009043300813,0.834651243048955,0.587795058283632,0.824362260216051,0.526043079517595,0.522028812562896,0.546768834772553,0.677205289022876,0.736231669403929,0.0882147277545901,0.25885346351962,0.614848600124409,0.279411994773925,0.772553494531683,0.811460299185634,0.766906042199477,0.899653534175878,0.961726689269543,0.806301108165446,1,0.693639097390496,0.623265014580073,0.572922613478175,0.423850244530011,0.74910605795871,0.765342555239756,0.642119557697356,0.706999117070395,0.774106740770898,0.680682510861384,0.689251640943097,0.739156167143713,0.663934055168484,0.68239744663433
"Del(6,):U(4,):R(2,9)",0.2558068744321,0.191425908285374,0.475914135283723,0.658070434968343,0.34683252232757,0.399988770391725,0.29056295738474,0.221441401280803,0.280291481756906,0.160050641028483,0.261441538835316,0.139562081867598,0.837271158627223,0.416789024722694,0.802781379264214,0.826976709404256,0.707143967713898,0.809272422388011,0.697889372280505,0.68990945699298,0.677719680627632,0.77981628481948,0.79472087183734,0.190021005999875,0.437827943810157,0.749277579407201,0.148863004041497,0.789325918655515,0.811110809725144,0.815853257005245,0.789424685106985,0.743308534627825,0.820872145560352,0.693639097390496,1,0.753892070459284,0.733015897665646,0.612728925198737,0.848344298491562,0.817997630507172,0.776217881576088,0.810371382659412,0.83599661372262,0.813710975681254,0.809028192284622,0.810400633594468,0.791796483057801,0.790262122558997
"Del3:U3:R2",0.118113683464159,0.0650165678361491,0.364233240771164,0.537905507994794,0.238819075202248,0.292271746607019,0.195685106088334,0.14957374424365,0.16383512613884,0.0965885792090705,0.155783105046894,0.050226854255264,0.8273060177311,0.418961197475768,0.753540699513904,0.744645040568077,0.631952737905647,0.709222684970037,0.92363544508009,0.922067147851676,0.836770002054862,0.879024630125068,0.864186840578131,0.170840884724,0.540483962799272,0.821595666491507,0.276008925654411,0.644747807994312,0.75692559045084,0.838928721746594,0.687086739549068,0.635448653056194,0.730269704989355,0.623265014580073,0.753892070459284,1,0.951187575566903,0.705264043392692,0.733177029708089,0.855908450538356,0.969601069982942,0.919398742818385,0.864649485980431,0.907132303253926,0.882215332357178,0.773989053946856,0.785865936895433,0.826395062736702
"Del4:U4:R2",0.135322455550461,0.0791437478470384,0.37802775810131,0.521391991793124,0.253117707001244,0.291623196333169,0.214077291815219,0.162342637338227,0.18390116302592,0.112133664608772,0.175668789573747,0.0698777051827347,0.793422541705708,0.46171785963848,0.72749921379321,0.708807054675471,0.623313711827161,0.681036024279627,0.918763939750906,0.909102077265116,0.821022699463288,0.841644577209389,0.808116731757775,0.187395069112542,0.569700855843931,0.831144949212707,0.226421645172771,0.604167267063471,0.715803688816529,0.784019803305119,0.64267998787929,0.589649946897664,0.68844366368342,0.572922613478175,0.733015897665646,0.951187575566903,1,0.772861007583973,0.699833955749407,0.798796057408519,0.931252760531907,0.872356219751918,0.819411986420912,0.910520559562364,0.871661838624713,0.733629721916099,0.777170234045438,0.793250452356414
"Del5:U5:R2",0.235442019838045,0.187433907013085,0.41013963729859,0.469566427029851,0.308134614379759,0.325727084679046,0.274998975464544,0.225914907698568,0.264169637695578,0.187799779021028,0.251423465747251,0.147879657393555,0.613352646792945,0.492571848552256,0.587880595983304,0.545216742036751,0.540269544414265,0.542260475199386,0.730955368073436,0.700936114566887,0.675563881880418,0.646908757472302,0.572818262153379,0.192223734930964,0.514246103654336,0.658563807969502,0.132989133767563,0.443474094978911,0.530412919065445,0.556924715783222,0.483018156503673,0.446017336073803,0.503180285949651,0.423850244530011,0.612728925198737,0.705264043392692,0.772861007583973,1,0.549038130295095,0.571703545690879,0.67761561827438,0.635021056050998,0.602504638861568,0.714297676024892,0.668391580581413,0.528647132407503,0.621134003065339,0.594717546675849
"Del(6,):U3:R(3,9)",0.131883629413684,0.0667408557500687,0.410759550791199,0.668023046262584,0.279432630752777,0.348001968604953,0.213912035549828,0.145123381830761,0.19266408435001,0.0826776093897909,0.168583467299054,0.0598760643871229,0.866636268421526,0.331695779598714,0.823319179097792,0.8662485725602,0.691521195557227,0.846411601853771,0.664937973092808,0.653369963180434,0.659519177508319,0.786863736058675,0.836432805657553,0.140528377468482,0.384947449626808,0.737057836400258,0.107564640742365,0.889721915001286,0.88121720984937,0.881227844406236,0.868584090021535,0.813960166652923,0.907798085346561,0.74910605795871,0.848344298491562,0.733177029708089,0.699833955749407,0.549038130295095,1,0.873090222891852,0.763778676797431,0.823555045287254,0.883385053178094,0.802839428066779,0.811643910089395,0.838462335397723,0.797223305999908,0.775516946540421
"Del3:U3:R(5,9)",0.0586353426957145,-0.00552108955838215,0.36028410104493,0.622262074057801,0.211893475253319,0.299109666850086,0.150420854324982,0.0997157661478134,0.120375148145277,0.0354877367584895,0.11199365744624,0.00239084258478262,0.934221646956325,0.300576782666882,0.843021583633272,0.898226838184301,0.677146522388156,0.848216117028379,0.764724313682043,0.776716060547285,0.735624680487121,0.882980861152486,0.95648141413236,0.113998971549793,0.41615782110402,0.80706280003524,0.1955410273034,0.860990753086406,0.920472030886146,0.983553075824181,0.876671659412935,0.815542565990655,0.927289822217581,0.765342555239756,0.817997630507172,0.855908450538356,0.798796057408519,0.571703545690879,0.873090222891852,1,0.897763828922851,0.945180033277944,0.979101940983016,0.890961590208642,0.917383884620425,0.902996830767901,0.848673189184286,0.875829611250126
"Del3:U3:R3",0.0866001138782605,0.0302787193054231,0.353898900310872,0.544169773469639,0.216389319642154,0.284789546252246,0.17269605332635,0.127207476805982,0.139638504434549,0.0678384070821879,0.131837123676682,0.0267314695812951,0.863963246761793,0.381528238755183,0.775243657168068,0.782377833418116,0.634007295274478,0.736265066667383,0.897504919391229,0.910999197486857,0.81529232507019,0.895446947826174,0.909923395497383,0.147932773456138,0.518555754447482,0.831305395489826,0.258654915438075,0.691473342348839,0.804582064359504,0.887739077447606,0.726579381305034,0.662987277653502,0.777096531900883,0.642119557697356,0.776217881576088,0.969601069982942,0.931252760531907,0.67761561827438,0.763778676797431,0.897763828922851,1,0.951846930136506,0.902423574614737,0.921445891855938,0.907403287920589,0.82149553630822,0.817767058792252,0.862665679835127
"Del3:U3:R4",0.078341171908355,0.0154288275534636,0.365948743564384,0.587540696936768,0.221634536948129,0.302827041604377,0.165954192493146,0.120704481612881,0.138896556844752,0.0564381997270211,0.127445913975422,0.0166204653208583,0.906353366391847,0.347607592300577,0.818112123804816,0.843786989034977,0.662518191397883,0.792494823209345,0.835793682876848,0.851078171464696,0.781320505456583,0.89712908564021,0.9474304074585,0.138364387646976,0.476371212585428,0.820471660217686,0.242647683813062,0.781762244840703,0.872650537753969,0.941607571192128,0.80681798012049,0.741762192236577,0.856502000020754,0.706999117070395,0.810371382659412,0.919398742818385,0.872356219751918,0.635021056050998,0.823555045287254,0.945180033277944,0.951846930136506,1,0.945427867176121,0.913318890078729,0.924626399322469,0.870821507246221,0.842756180790834,0.878120197034132
"Del4:U4:R(5,9)",0.064144684263617,-0.0020052658468649,0.375258398975206,0.637866820008926,0.221232823430696,0.315021353204416,0.162270367989534,0.103986861134116,0.129754591594108,0.0385354283681132,0.120225379140847,0.00623762063603442,0.949423906894679,0.314933873831373,0.86585293349489,0.920254389282246,0.689540079463234,0.868959954707703,0.786496795208365,0.787964371577609,0.744030008323021,0.880688936042272,0.938458587810151,0.120840973370018,0.438078994693852,0.833024179193658,0.164233541260912,0.859077871495569,0.943571718815433,0.972256405527753,0.89961579974466,0.835715669569799,0.931028009961406,0.774106740770898,0.83599661372262,0.864649485980431,0.819411986420912,0.602504638861568,0.883385053178094,0.979101940983016,0.902423574614737,0.945427867176121,1,0.916851959037804,0.926830593428511,0.923644693693527,0.867631281993339,0.891002141864298
"Del4:U4:R3",0.108006413298682,0.0437339506297324,0.398301359920544,0.594797852254656,0.25445421312126,0.314833026110433,0.207671929366878,0.146261766446035,0.175257527780164,0.0846618713565189,0.161741917491972,0.0437452944937478,0.902706867741446,0.422031475766887,0.821745112975042,0.845617638089118,0.678044560136041,0.805142064113362,0.868053606437345,0.859946802375526,0.79406997495831,0.873139214917853,0.873441188970113,0.16074299075002,0.512384621103022,0.876260581239623,0.152407792591777,0.73265074976926,0.856385245974921,0.880489619164226,0.794492616711344,0.734105906440298,0.818829270285286,0.680682510861384,0.813710975681254,0.907132303253926,0.910520559562364,0.714297676024892,0.802839428066779,0.890961590208642,0.921445891855938,0.913318890078729,0.916851959037804,1,0.927937527069682,0.843900058223436,0.859689944355718,0.864742740125576
"Del4:U4:R4",0.0886854147766716,0.024486680301222,0.385289635469076,0.588857174723,0.238764421180596,0.30919364482493,0.187158298797008,0.128728693681557,0.154171041723724,0.0576171063003152,0.143190882317031,0.0303707468936598,0.906919531165438,0.379827550741386,0.822649629380868,0.851277286598354,0.669510905782999,0.801539814364245,0.832792385414519,0.833421390730087,0.771626666828473,0.876567476867287,0.902369987638997,0.15053742996907,0.475382323047149,0.840746839294292,0.182571768992688,0.75633357990926,0.867818047756372,0.908334821985822,0.802029331235292,0.737663991360219,0.837928186924818,0.689251640943097,0.809028192284622,0.882215332357178,0.871661838624713,0.668391580581413,0.811643910089395,0.917383884620425,0.907403287920589,0.924626399322469,0.926830593428511,0.927937527069682,1,0.85030151961723,0.841768116678365,0.855845457208127
"Del5:U5:R(5,9)",0.0773025324738097,0.0110977001772999,0.352214552687162,0.626189961432289,0.211754507457907,0.301695152887197,0.153952777602053,0.10085901419373,0.129871724647719,0.0441844700959351,0.120271740561609,0.0177849013204999,0.891803492493443,0.293109205315773,0.802514647669057,0.875919006959313,0.652408882139741,0.835977304286463,0.699097057629614,0.703656376026163,0.675865423393772,0.808727560750699,0.868688840783106,0.104026147396705,0.399462529514895,0.775105638583519,0.134266193991485,0.835104613239818,0.886883391100357,0.898441436499221,0.854507525402549,0.797737543936904,0.895817177055893,0.739156167143713,0.810400633594468,0.773989053946856,0.733629721916099,0.528647132407503,0.838462335397723,0.902996830767901,0.82149553630822,0.870821507246221,0.923644693693527,0.843900058223436,0.85030151961723,1,0.821871993150824,0.86332831614724
"Del5:U5:R3",0.121999769599429,0.0622647913274363,0.387770449357721,0.594567201406021,0.246190321087373,0.321069123051038,0.198083255228238,0.141271617621051,0.167544118839902,0.0821424121142227,0.165783675823995,0.0463111751690442,0.873341137054465,0.377620046821177,0.795081594530574,0.827765497288291,0.647096198149012,0.794819209169122,0.749593943176038,0.740048060086491,0.70554007094096,0.799926071275007,0.824924005633939,0.14786627690321,0.431447906333511,0.805308126137786,0.136973138464075,0.728541170061958,0.843920525720122,0.839631271986797,0.796485430813524,0.73024820613099,0.799030720075564,0.663934055168484,0.791796483057801,0.785865936895433,0.777170234045438,0.621134003065339,0.797223305999908,0.848673189184286,0.817767058792252,0.842756180790834,0.867631281993339,0.859689944355718,0.841768116678365,0.821871993150824,1,0.82227515801325
"Del5:U5:R4",0.0781616647924463,0.015308504640265,0.350212895502096,0.585983300700726,0.210890287332245,0.292699908209343,0.158350482357,0.109032999587064,0.138740474796933,0.0603562921979286,0.123872749765267,0.0171618337283002,0.867449951624386,0.329232754610735,0.768220386872809,0.827013230155337,0.622891873075364,0.789505129244361,0.761005232675507,0.767231535314721,0.721382520840512,0.823418334942529,0.859457361685776,0.122089106917073,0.43323318908508,0.794214050232515,0.221441911674597,0.723844969414024,0.821285007873898,0.856968120099348,0.777117815919444,0.725284317744092,0.795698336167989,0.68239744663433,0.790262122558997,0.826395062736702,0.793250452356414,0.594717546675849,0.775516946540421,0.875829611250126,0.862665679835127,0.878120197034132,0.891002141864298,0.864742740125576,0.855845457208127,0.86332831614724,0.82227515801325,1
