"","T[Del(C):R1]G","G[Del(C):R1]G","A[Del(C):R1]G","T[Del(C):R5]G","T[Del(C):R3]G","A[Del(C):R3]G","G[Del(C):R2]G","G[Del(C):R4]G","T[Del(C):R2]G","A[Del(C):R4]G","G[Del(C):R3]G","G[Del(C):R5]G","A[Del(C):R2]G","T[Del(C):R4]G","A[Del(C):R5]G"
"T[Del(C):R1]G",1,0.758488333881092,0.698582486526975,0.469238105025821,0.698259460370341,0.721578722067354,0.685016781654266,0.429344445351151,0.710309870016552,0.590897218303124,0.699188195728148,0.463467841447767,0.679252743858486,0.561828054054152,0.47275603581674
"G[Del(C):R1]G",0.758488333881092,1,0.805558756147867,0.692096692911643,0.668459230466208,0.775059937013387,0.631951697280036,0.618721740503943,0.663711235931528,0.788744163349859,0.683045286220849,0.710416846489578,0.616331875300626,0.7585640252377,0.701455271418151
"A[Del(C):R1]G",0.698582486526975,0.805558756147867,1,0.669561842250156,0.639444306546457,0.750667052210262,0.607181442088766,0.579981708933944,0.649585881675552,0.76398319001145,0.6524938142655,0.675016283617481,0.582945562582276,0.748459844071198,0.674167632203184
"T[Del(C):R5]G",0.469238105025821,0.692096692911643,0.669561842250156,1,0.243768103433753,0.581394598479025,0.169599591500144,0.691901550963903,0.239480233635519,0.914798556323547,0.256830016002291,0.937041992431297,0.149458833381365,0.929517965445491,0.976454371475127
"T[Del(C):R3]G",0.698259460370341,0.668459230466208,0.639444306546457,0.243768103433753,1,0.7612878882283,0.907170124870571,0.244109228959352,0.892188899068108,0.443767020319731,0.91045822147212,0.218960238666494,0.889967828706359,0.426723238330434,0.242601920400707
"A[Del(C):R3]G",0.721578722067354,0.775059937013387,0.750667052210262,0.581394598479025,0.7612878882283,1,0.734389643474935,0.508943110146171,0.732702066709059,0.700338489613313,0.767273681829853,0.557862414552072,0.704430173868887,0.692488164696295,0.571185136799208
"G[Del(C):R2]G",0.685016781654266,0.631951697280036,0.607181442088766,0.169599591500144,0.907170124870571,0.734389643474935,1,0.22065215541875,0.872421664555273,0.373302904989945,0.892809509023608,0.163365456353875,0.874721863140373,0.354999773376563,0.170099063349962
"G[Del(C):R4]G",0.429344445351151,0.618721740503943,0.579981708933944,0.691901550963903,0.244109228959352,0.508943110146171,0.22065215541875,1,0.233847852319225,0.668953824425019,0.337878123780167,0.847720164333713,0.18435626998928,0.723193601729057,0.675941982042141
"T[Del(C):R2]G",0.710309870016552,0.663711235931528,0.649585881675552,0.239480233635519,0.892188899068108,0.732702066709059,0.872421664555273,0.233847852319225,1,0.437504985142629,0.862059115411963,0.218177201629712,0.845959523291235,0.413583382530964,0.238518790198474
"A[Del(C):R4]G",0.590897218303124,0.788744163349859,0.76398319001145,0.914798556323547,0.443767020319731,0.700338489613313,0.373302904989945,0.668953824425019,0.437504985142629,1,0.45479124440359,0.874559429320421,0.355598061912752,0.912015868389671,0.919348068472328
"G[Del(C):R3]G",0.699188195728148,0.683045286220849,0.6524938142655,0.256830016002291,0.91045822147212,0.767273681829853,0.892809509023608,0.337878123780167,0.862059115411963,0.45479124440359,1,0.269837337085399,0.87527738865325,0.4418878809288,0.253789654475412
"G[Del(C):R5]G",0.463467841447767,0.710416846489578,0.675016283617481,0.937041992431297,0.218960238666494,0.557862414552072,0.163365456353875,0.847720164333713,0.218177201629712,0.874559429320421,0.269837337085399,1,0.136708946965523,0.896623794876302,0.93127146023674
"A[Del(C):R2]G",0.679252743858486,0.616331875300626,0.582945562582276,0.149458833381365,0.889967828706359,0.704430173868887,0.874721863140373,0.18435626998928,0.845959523291235,0.355598061912752,0.87527738865325,0.136708946965523,1,0.324680621298782,0.152516288186281
"T[Del(C):R4]G",0.561828054054152,0.7585640252377,0.748459844071198,0.929517965445491,0.426723238330434,0.692488164696295,0.354999773376563,0.723193601729057,0.413583382530964,0.912015868389671,0.4418878809288,0.896623794876302,0.324680621298782,1,0.913756489805221
"A[Del(C):R5]G",0.47275603581674,0.701455271418151,0.674167632203184,0.976454371475127,0.242601920400707,0.571185136799208,0.170099063349962,0.675941982042141,0.238518790198474,0.919348068472328,0.253789654475412,0.93127146023674,0.152516288186281,0.913756489805221,1
